0 verbose cli /usr/local/bin/node /usr/local/bin/npm
1 info using npm@11.12.1
2 info using node@v24.15.0
3 silly config load:file:/usr/local/lib/node_modules/npm/npmrc
4 silly config load:file:/Users/rua/proshot/.firebase/dopamin-66/functions/.npmrc
5 silly config load:file:/Users/rua/.npmrc
6 silly config load:file:/usr/local/etc/npmrc
7 verbose title npm i
8 verbose argv "i" "--omit" "dev" "--no-audit"
9 verbose logfile logs-max:10 dir:/Users/rua/proshot/.npm-cache/_logs/2026-07-25T12_47_53_656Z-
10 verbose logfile /Users/rua/proshot/.npm-cache/_logs/2026-07-25T12_47_53_656Z-debug-0.log
11 silly logfile start cleaning logs, removing 1 files
12 silly packumentCache heap:4496293888 maxSize:1124073472 maxEntrySize:562036736
13 silly logfile done cleaning log files
14 silly idealTree buildDeps
15 silly fetch manifest firebase-frameworks@^0.11.0
16 silly packumentCache full:https://registry.npmjs.org/firebase-frameworks cache-miss
17 http fetch GET 200 https://registry.npmjs.org/firebase-frameworks 91ms (cache miss)
18 silly packumentCache full:https://registry.npmjs.org/firebase-frameworks set size:undefined disposed:false
19 silly fetch manifest firebase@^9.9.0 || ^10.0.0 || ^11.0.0 || ^12.0.0
20 silly packumentCache full:https://registry.npmjs.org/firebase cache-miss
21 http fetch GET 200 https://registry.npmjs.org/firebase 532ms (cache miss)
22 silly packumentCache full:https://registry.npmjs.org/firebase set size:undefined disposed:false
23 silly fetch manifest firebase-admin@^11.11.1
24 silly packumentCache full:https://registry.npmjs.org/firebase-admin cache-miss
25 http fetch GET 200 https://registry.npmjs.org/firebase-admin 42ms (cache miss)
26 silly packumentCache full:https://registry.npmjs.org/firebase-admin set size:undefined disposed:false
27 silly fetch manifest sharp@^0.32 || ^0.33
28 silly packumentCache full:https://registry.npmjs.org/sharp cache-miss
29 http fetch GET 200 https://registry.npmjs.org/sharp 39ms (cache miss)
30 silly packumentCache full:https://registry.npmjs.org/sharp set size:undefined disposed:false
31 silly fetch manifest firebase-functions@^6.0.1
32 silly packumentCache full:https://registry.npmjs.org/firebase-functions cache-miss
33 http fetch GET 200 https://registry.npmjs.org/firebase-functions 34ms (cache miss)
34 silly packumentCache full:https://registry.npmjs.org/firebase-functions set size:undefined disposed:false
35 silly placeDep ROOT firebase-admin@11.11.1 OK for: proshot@0.1.0 want: ^11.11.1
36 silly placeDep ROOT firebase-frameworks@0.11.8 OK for: proshot@0.1.0 want: ^0.11.0
37 silly placeDep ROOT sharp@0.33.5 REPLACE for: firebase-frameworks@0.11.8 want: ^0.32 || ^0.33
38 silly placeDep ROOT firebase-functions@6.6.0 OK for: proshot@0.1.0 want: ^6.0.1
39 silly fetch manifest uuid@^9.0.0
40 silly packumentCache full:https://registry.npmjs.org/uuid cache-miss
41 silly fetch manifest jwks-rsa@^3.0.1
42 silly packumentCache full:https://registry.npmjs.org/jwks-rsa cache-miss
43 silly fetch manifest node-forge@^1.3.1
44 silly packumentCache full:https://registry.npmjs.org/node-forge cache-miss
45 silly fetch manifest jsonwebtoken@^9.0.0
46 silly packumentCache full:https://registry.npmjs.org/jsonwebtoken cache-miss
47 silly fetch manifest @fastify/busboy@^1.2.1
48 silly packumentCache full:https://registry.npmjs.org/@fastify%2fbusboy cache-miss
49 silly fetch manifest @firebase/database-types@^0.10.4
50 silly packumentCache full:https://registry.npmjs.org/@firebase%2fdatabase-types cache-miss
51 silly fetch manifest @firebase/database-compat@^0.3.4
52 silly packumentCache full:https://registry.npmjs.org/@firebase%2fdatabase-compat cache-miss
53 http fetch GET 200 https://registry.npmjs.org/uuid 26ms (cache miss)
54 silly packumentCache full:https://registry.npmjs.org/uuid set size:undefined disposed:false
55 silly fetch manifest @google-cloud/storage@^6.9.5
56 silly packumentCache full:https://registry.npmjs.org/@google-cloud%2fstorage cache-miss
57 http fetch GET 200 https://registry.npmjs.org/jwks-rsa 69ms (cache miss)
58 silly packumentCache full:https://registry.npmjs.org/jwks-rsa set size:undefined disposed:false
59 silly fetch manifest @google-cloud/firestore@^6.8.0
60 silly packumentCache full:https://registry.npmjs.org/@google-cloud%2ffirestore cache-miss
61 http fetch GET 200 https://registry.npmjs.org/jsonwebtoken 73ms (cache miss)
62 silly packumentCache full:https://registry.npmjs.org/jsonwebtoken set size:undefined disposed:false
63 silly fetch manifest cookie@^0.5.0
64 silly packumentCache full:https://registry.npmjs.org/cookie cache-miss
65 http fetch GET 200 https://registry.npmjs.org/@fastify%2fbusboy 90ms (cache miss)
66 silly packumentCache full:https://registry.npmjs.org/@fastify%2fbusboy set size:undefined disposed:false
67 silly fetch manifest lru-cache@^7.14.0
68 silly packumentCache full:https://registry.npmjs.org/lru-cache cache-miss
69 http fetch GET 200 https://registry.npmjs.org/@google-cloud%2fstorage 64ms (cache miss)
70 silly packumentCache full:https://registry.npmjs.org/@google-cloud%2fstorage set size:undefined disposed:false
71 silly fetch manifest @hapi/accept@^6.0.1
72 silly packumentCache full:https://registry.npmjs.org/@hapi%2faccept cache-miss
73 http fetch GET 200 https://registry.npmjs.org/node-forge 95ms (cache miss)
74 silly packumentCache full:https://registry.npmjs.org/node-forge set size:undefined disposed:false
75 silly fetch manifest color@^4.2.3
76 silly packumentCache full:https://registry.npmjs.org/color cache-miss
77 http fetch GET 200 https://registry.npmjs.org/cookie 28ms (cache miss)
78 silly packumentCache full:https://registry.npmjs.org/cookie set size:undefined disposed:false
79 silly fetch manifest @img/sharp-wasm32@0.33.5
80 silly packumentCache full:https://registry.npmjs.org/@img%2fsharp-wasm32 cache-miss
81 http fetch GET 200 https://registry.npmjs.org/lru-cache 34ms (cache miss)
82 silly packumentCache full:https://registry.npmjs.org/lru-cache set size:undefined disposed:false
83 silly fetch manifest @img/sharp-linux-arm@0.33.5
84 silly packumentCache full:https://registry.npmjs.org/@img%2fsharp-linux-arm cache-miss
85 http fetch GET 200 https://registry.npmjs.org/color 32ms (cache miss)
86 silly packumentCache full:https://registry.npmjs.org/color set size:undefined disposed:false
87 silly fetch manifest @img/sharp-linux-x64@0.33.5
88 silly packumentCache full:https://registry.npmjs.org/@img%2fsharp-linux-x64 cache-miss
89 http fetch GET 200 https://registry.npmjs.org/@google-cloud%2ffirestore 67ms (cache miss)
90 silly packumentCache full:https://registry.npmjs.org/@google-cloud%2ffirestore set size:undefined disposed:false
91 silly fetch manifest @img/sharp-win32-x64@0.33.5
92 silly packumentCache full:https://registry.npmjs.org/@img%2fsharp-win32-x64 cache-miss
93 http fetch GET 200 https://registry.npmjs.org/@img%2fsharp-wasm32 38ms (cache miss)
94 silly packumentCache full:https://registry.npmjs.org/@img%2fsharp-wasm32 set size:undefined disposed:false
95 silly fetch manifest @img/sharp-darwin-x64@0.33.5
96 silly packumentCache full:https://registry.npmjs.org/@img%2fsharp-darwin-x64 cache-miss
97 http fetch GET 200 https://registry.npmjs.org/@img%2fsharp-linux-arm 33ms (cache miss)
98 silly packumentCache full:https://registry.npmjs.org/@img%2fsharp-linux-arm set size:undefined disposed:false
99 silly fetch manifest @img/sharp-win32-ia32@0.33.5
100 silly packumentCache full:https://registry.npmjs.org/@img%2fsharp-win32-ia32 cache-miss
101 http fetch GET 200 https://registry.npmjs.org/@img%2fsharp-linux-x64 38ms (cache miss)
102 silly packumentCache full:https://registry.npmjs.org/@img%2fsharp-linux-x64 set size:undefined disposed:false
103 silly fetch manifest @img/sharp-linux-arm64@0.33.5
104 silly packumentCache full:https://registry.npmjs.org/@img%2fsharp-linux-arm64 cache-miss
105 http fetch GET 200 https://registry.npmjs.org/@img%2fsharp-win32-x64 35ms (cache miss)
106 silly packumentCache full:https://registry.npmjs.org/@img%2fsharp-win32-x64 set size:undefined disposed:false
107 silly fetch manifest @img/sharp-linux-s390x@0.33.5
108 silly packumentCache full:https://registry.npmjs.org/@img%2fsharp-linux-s390x cache-miss
109 http fetch GET 200 https://registry.npmjs.org/@img%2fsharp-darwin-x64 35ms (cache miss)
110 silly packumentCache full:https://registry.npmjs.org/@img%2fsharp-darwin-x64 set size:undefined disposed:false
111 silly fetch manifest @img/sharp-darwin-arm64@0.33.5
112 silly packumentCache full:https://registry.npmjs.org/@img%2fsharp-darwin-arm64 cache-miss
113 http fetch GET 200 https://registry.npmjs.org/@img%2fsharp-win32-ia32 33ms (cache miss)
114 silly packumentCache full:https://registry.npmjs.org/@img%2fsharp-win32-ia32 set size:undefined disposed:false
115 silly fetch manifest @img/sharp-linuxmusl-x64@0.33.5
116 silly packumentCache full:https://registry.npmjs.org/@img%2fsharp-linuxmusl-x64 cache-miss
117 http fetch GET 200 https://registry.npmjs.org/@img%2fsharp-linux-arm64 34ms (cache miss)
118 silly packumentCache full:https://registry.npmjs.org/@img%2fsharp-linux-arm64 set size:undefined disposed:false
119 silly fetch manifest @img/sharp-linuxmusl-arm64@0.33.5
120 silly packumentCache full:https://registry.npmjs.org/@img%2fsharp-linuxmusl-arm64 cache-miss
121 http fetch GET 200 https://registry.npmjs.org/@img%2fsharp-linux-s390x 31ms (cache miss)
122 silly packumentCache full:https://registry.npmjs.org/@img%2fsharp-linux-s390x set size:undefined disposed:false
123 silly fetch manifest @img/sharp-libvips-linux-arm@1.0.5
124 silly packumentCache full:https://registry.npmjs.org/@img%2fsharp-libvips-linux-arm cache-miss
125 http fetch GET 200 https://registry.npmjs.org/@img%2fsharp-darwin-arm64 41ms (cache miss)
126 silly packumentCache full:https://registry.npmjs.org/@img%2fsharp-darwin-arm64 set size:undefined disposed:false
127 silly fetch manifest @img/sharp-libvips-linux-x64@1.0.4
128 silly packumentCache full:https://registry.npmjs.org/@img%2fsharp-libvips-linux-x64 cache-miss
129 http fetch GET 200 https://registry.npmjs.org/@img%2fsharp-linuxmusl-x64 38ms (cache miss)
130 silly packumentCache full:https://registry.npmjs.org/@img%2fsharp-linuxmusl-x64 set size:undefined disposed:false
131 silly fetch manifest @img/sharp-libvips-darwin-x64@1.0.4
132 silly packumentCache full:https://registry.npmjs.org/@img%2fsharp-libvips-darwin-x64 cache-miss
133 http fetch GET 200 https://registry.npmjs.org/@img%2fsharp-libvips-linux-arm 34ms (cache miss)
134 silly packumentCache full:https://registry.npmjs.org/@img%2fsharp-libvips-linux-arm set size:undefined disposed:false
135 silly fetch manifest @img/sharp-libvips-linux-arm64@1.0.4
136 silly packumentCache full:https://registry.npmjs.org/@img%2fsharp-libvips-linux-arm64 cache-miss
137 http fetch GET 200 https://registry.npmjs.org/@img%2fsharp-linuxmusl-arm64 37ms (cache miss)
138 silly packumentCache full:https://registry.npmjs.org/@img%2fsharp-linuxmusl-arm64 set size:undefined disposed:false
139 silly fetch manifest @img/sharp-libvips-linux-s390x@1.0.4
140 silly packumentCache full:https://registry.npmjs.org/@img%2fsharp-libvips-linux-s390x cache-miss
141 http fetch GET 200 https://registry.npmjs.org/@img%2fsharp-libvips-linux-x64 36ms (cache miss)
142 silly packumentCache full:https://registry.npmjs.org/@img%2fsharp-libvips-linux-x64 set size:undefined disposed:false
143 silly fetch manifest @img/sharp-libvips-darwin-arm64@1.0.4
144 silly packumentCache full:https://registry.npmjs.org/@img%2fsharp-libvips-darwin-arm64 cache-miss
145 http fetch GET 200 https://registry.npmjs.org/@img%2fsharp-libvips-darwin-x64 32ms (cache miss)
146 silly packumentCache full:https://registry.npmjs.org/@img%2fsharp-libvips-darwin-x64 set size:undefined disposed:false
147 silly fetch manifest @img/sharp-libvips-linuxmusl-x64@1.0.4
148 silly packumentCache full:https://registry.npmjs.org/@img%2fsharp-libvips-linuxmusl-x64 cache-miss
149 http fetch GET 200 https://registry.npmjs.org/@img%2fsharp-libvips-linux-arm64 35ms (cache miss)
150 silly packumentCache full:https://registry.npmjs.org/@img%2fsharp-libvips-linux-arm64 set size:undefined disposed:false
151 silly fetch manifest @img/sharp-libvips-linuxmusl-arm64@1.0.4
152 silly packumentCache full:https://registry.npmjs.org/@img%2fsharp-libvips-linuxmusl-arm64 cache-miss
153 http fetch GET 200 https://registry.npmjs.org/@img%2fsharp-libvips-linux-s390x 34ms (cache miss)
154 silly packumentCache full:https://registry.npmjs.org/@img%2fsharp-libvips-linux-s390x set size:undefined disposed:false
155 silly fetch manifest cors@^2.8.5
156 silly packumentCache full:https://registry.npmjs.org/cors cache-miss
157 http fetch GET 200 https://registry.npmjs.org/@img%2fsharp-libvips-darwin-arm64 40ms (cache miss)
158 silly packumentCache full:https://registry.npmjs.org/@img%2fsharp-libvips-darwin-arm64 set size:undefined disposed:false
159 silly fetch manifest express@^4.21.0
160 silly packumentCache full:https://registry.npmjs.org/express cache-miss
161 http fetch GET 200 https://registry.npmjs.org/@img%2fsharp-libvips-linuxmusl-x64 37ms (cache miss)
162 silly packumentCache full:https://registry.npmjs.org/@img%2fsharp-libvips-linuxmusl-x64 set size:undefined disposed:false
163 silly fetch manifest protobufjs@^7.2.2
164 silly packumentCache full:https://registry.npmjs.org/protobufjs cache-miss
165 http fetch GET 200 https://registry.npmjs.org/cors 27ms (cache miss)
166 silly packumentCache full:https://registry.npmjs.org/cors set size:undefined disposed:false
167 silly fetch manifest @types/cors@^2.8.5
168 silly packumentCache full:https://registry.npmjs.org/@types%2fcors cache-miss
169 http fetch GET 200 https://registry.npmjs.org/@img%2fsharp-libvips-linuxmusl-arm64 35ms (cache miss)
170 silly packumentCache full:https://registry.npmjs.org/@img%2fsharp-libvips-linuxmusl-arm64 set size:undefined disposed:false
171 silly fetch manifest @types/express@^4.17.21
172 silly packumentCache full:https://registry.npmjs.org/@types%2fexpress cache-miss
173 http fetch GET 200 https://registry.npmjs.org/@types%2fcors 30ms (cache miss)
174 silly packumentCache full:https://registry.npmjs.org/@types%2fcors set size:undefined disposed:false
175 http fetch GET 200 https://registry.npmjs.org/express 47ms (cache miss)
176 silly packumentCache full:https://registry.npmjs.org/express set size:undefined disposed:false
177 http fetch GET 200 https://registry.npmjs.org/protobufjs 44ms (cache miss)
178 silly packumentCache full:https://registry.npmjs.org/protobufjs set size:undefined disposed:false
179 http fetch GET 200 https://registry.npmjs.org/@types%2fexpress 38ms (cache miss)
180 silly packumentCache full:https://registry.npmjs.org/@types%2fexpress set size:undefined disposed:false
181 http fetch GET 200 https://registry.npmjs.org/@firebase%2fdatabase-types 432ms (cache miss)
182 silly packumentCache full:https://registry.npmjs.org/@firebase%2fdatabase-types set size:undefined disposed:false
183 http fetch GET 200 https://registry.npmjs.org/@firebase%2fdatabase-compat 544ms (cache miss)
184 silly packumentCache full:https://registry.npmjs.org/@firebase%2fdatabase-compat set size:undefined disposed:false
185 http fetch GET 200 https://registry.npmjs.org/@hapi%2faccept 499ms (cache miss)
186 silly packumentCache full:https://registry.npmjs.org/@hapi%2faccept set size:undefined disposed:false
187 silly placeDep ROOT @fastify/busboy@1.2.1 OK for: firebase-admin@11.11.1 want: ^1.2.1
188 silly placeDep ROOT @firebase/database-compat@0.3.4 OK for: firebase-admin@11.11.1 want: ^0.3.4
189 silly placeDep ROOT @firebase/database-types@0.10.4 OK for: firebase-admin@11.11.1 want: ^0.10.4
190 silly placeDep ROOT @google-cloud/firestore@6.8.0 OK for: firebase-admin@11.11.1 want: ^6.8.0
191 silly placeDep ROOT @google-cloud/storage@6.12.0 OK for: firebase-admin@11.11.1 want: ^6.9.5
192 silly placeDep ROOT jsonwebtoken@9.0.3 OK for: firebase-admin@11.11.1 want: ^9.0.0
193 silly placeDep ROOT jwks-rsa@3.2.2 OK for: firebase-admin@11.11.1 want: ^3.0.1
194 silly placeDep ROOT node-forge@1.4.0 OK for: firebase-admin@11.11.1 want: ^1.3.1
195 silly placeDep ROOT uuid@9.0.1 OK for: firebase-admin@11.11.1 want: ^9.0.0
196 silly fetch manifest text-decoding@^1.0.0
197 silly packumentCache full:https://registry.npmjs.org/text-decoding cache-miss
198 silly fetch manifest @firebase/util@1.9.3
199 silly packumentCache full:https://registry.npmjs.org/@firebase%2futil cache-miss
200 silly fetch manifest @firebase/logger@0.4.0
201 silly packumentCache full:https://registry.npmjs.org/@firebase%2flogger cache-miss
202 silly fetch manifest @firebase/database@0.14.4
203 silly packumentCache full:https://registry.npmjs.org/@firebase%2fdatabase cache-miss
204 silly fetch manifest @firebase/component@0.6.4
205 silly packumentCache full:https://registry.npmjs.org/@firebase%2fcomponent cache-miss
206 silly fetch manifest @firebase/database-types@0.10.4
207 silly packumentCache full:https://registry.npmjs.org/@firebase%2fdatabase-types cache-miss
208 silly fetch manifest @firebase/util@1.9.3
209 silly packumentCache full:https://registry.npmjs.org/@firebase%2futil cache-miss
210 http cache https://registry.npmjs.org/@firebase%2fdatabase-types 10ms (cache hit)
211 silly packumentCache full:https://registry.npmjs.org/@firebase%2fdatabase-types set size:9144625 disposed:false
212 silly fetch manifest @firebase/app-types@0.9.0
213 silly packumentCache full:https://registry.npmjs.org/@firebase%2fapp-types cache-miss
214 http fetch GET 200 https://registry.npmjs.org/text-decoding 195ms (cache miss)
215 silly packumentCache full:https://registry.npmjs.org/text-decoding set size:undefined disposed:false
216 silly fetch manifest google-gax@^3.5.7
217 silly packumentCache full:https://registry.npmjs.org/google-gax cache-miss
218 http fetch GET 200 https://registry.npmjs.org/@firebase%2fdatabase 288ms (cache miss)
219 silly packumentCache full:https://registry.npmjs.org/@firebase%2fdatabase set size:undefined disposed:false
220 silly fetch manifest protobufjs@^7.2.5
221 silly packumentCache full:https://registry.npmjs.org/protobufjs cache-miss
222 http cache https://registry.npmjs.org/protobufjs 12ms (cache hit)
223 silly packumentCache full:https://registry.npmjs.org/protobufjs set size:768226 disposed:false
224 silly fetch manifest functional-red-black-tree@^1.0.1
225 silly packumentCache full:https://registry.npmjs.org/functional-red-black-tree cache-miss
226 http fetch GET 200 https://registry.npmjs.org/@firebase%2fapp-types 366ms (cache miss)
227 silly packumentCache full:https://registry.npmjs.org/@firebase%2fapp-types set size:undefined disposed:false
228 silly fetch manifest ent@^2.2.0
229 silly packumentCache full:https://registry.npmjs.org/ent cache-miss
230 http fetch GET 200 https://registry.npmjs.org/ent 99ms (cache miss)
231 silly packumentCache full:https://registry.npmjs.org/ent set size:undefined disposed:false
232 silly fetch manifest mime@^3.0.0
233 silly packumentCache full:https://registry.npmjs.org/mime cache-miss
234 http fetch GET 200 https://registry.npmjs.org/@firebase%2fcomponent 525ms (cache miss)
235 silly packumentCache full:https://registry.npmjs.org/@firebase%2fcomponent set size:undefined disposed:false
236 silly fetch manifest uuid@^8.0.0
237 silly packumentCache full:https://registry.npmjs.org/uuid cache-miss
238 http cache https://registry.npmjs.org/uuid 7ms (cache hit)
239 silly packumentCache full:https://registry.npmjs.org/uuid set size:256419 disposed:false
240 silly fetch manifest extend@^3.0.2
241 silly packumentCache full:https://registry.npmjs.org/extend cache-miss
242 http fetch GET 200 https://registry.npmjs.org/mime 51ms (cache miss)
243 silly packumentCache full:https://registry.npmjs.org/mime set size:undefined disposed:false
244 silly fetch manifest gaxios@^5.0.0
245 silly packumentCache full:https://registry.npmjs.org/gaxios cache-miss
246 http fetch GET 200 https://registry.npmjs.org/extend 43ms (cache miss)
247 silly packumentCache full:https://registry.npmjs.org/extend set size:undefined disposed:false
248 silly fetch manifest duplexify@^4.0.0
249 silly packumentCache full:https://registry.npmjs.org/duplexify cache-miss
250 http fetch GET 200 https://registry.npmjs.org/@firebase%2futil 593ms (cache miss)
251 silly packumentCache full:https://registry.npmjs.org/@firebase%2futil set size:undefined disposed:false
252 silly fetch manifest mime-types@^2.0.8
253 silly packumentCache full:https://registry.npmjs.org/mime-types cache-miss
254 http fetch GET 200 https://registry.npmjs.org/duplexify 30ms (cache miss)
255 silly packumentCache full:https://registry.npmjs.org/duplexify set size:undefined disposed:false
256 silly fetch manifest async-retry@^1.3.3
257 silly packumentCache full:https://registry.npmjs.org/async-retry cache-miss
258 http fetch GET 200 https://registry.npmjs.org/@firebase%2futil 623ms (cache miss)
259 silly packumentCache full:https://registry.npmjs.org/@firebase%2futil set size:undefined disposed:false
260 silly fetch manifest compressible@^2.0.12
261 silly packumentCache full:https://registry.npmjs.org/compressible cache-miss
262 http fetch GET 200 https://registry.npmjs.org/gaxios 88ms (cache miss)
263 silly packumentCache full:https://registry.npmjs.org/gaxios set size:undefined disposed:false
264 silly fetch manifest retry-request@^5.0.0
265 silly packumentCache full:https://registry.npmjs.org/retry-request cache-miss
266 http fetch GET 200 https://registry.npmjs.org/functional-red-black-tree 320ms (cache miss)
267 silly packumentCache full:https://registry.npmjs.org/functional-red-black-tree set size:undefined disposed:false
268 silly fetch manifest teeny-request@^8.0.0
269 silly packumentCache full:https://registry.npmjs.org/teeny-request cache-miss
270 http fetch GET 200 https://registry.npmjs.org/async-retry 30ms (cache miss)
271 silly packumentCache full:https://registry.npmjs.org/async-retry set size:undefined disposed:false
272 silly fetch manifest fast-xml-parser@^4.2.2
273 silly packumentCache full:https://registry.npmjs.org/fast-xml-parser cache-miss
274 http fetch GET 200 https://registry.npmjs.org/mime-types 39ms (cache miss)
275 silly packumentCache full:https://registry.npmjs.org/mime-types set size:undefined disposed:false
276 silly fetch manifest abort-controller@^3.0.0
277 silly packumentCache full:https://registry.npmjs.org/abort-controller cache-miss
278 http fetch GET 200 https://registry.npmjs.org/retry-request 26ms (cache miss)
279 silly packumentCache full:https://registry.npmjs.org/retry-request set size:undefined disposed:false
280 silly fetch manifest google-auth-library@^8.0.1
281 silly packumentCache full:https://registry.npmjs.org/google-auth-library cache-miss
282 http fetch GET 200 https://registry.npmjs.org/google-gax 484ms (cache miss)
283 silly packumentCache full:https://registry.npmjs.org/google-gax set size:undefined disposed:false
284 silly fetch manifest @google-cloud/paginator@^3.0.7
285 silly packumentCache full:https://registry.npmjs.org/@google-cloud%2fpaginator cache-miss
286 http fetch GET 200 https://registry.npmjs.org/teeny-request 33ms (cache miss)
287 silly packumentCache full:https://registry.npmjs.org/teeny-request set size:undefined disposed:false
288 silly fetch manifest @google-cloud/promisify@^3.0.0
289 silly packumentCache full:https://registry.npmjs.org/@google-cloud%2fpromisify cache-miss
290 http fetch GET 200 https://registry.npmjs.org/abort-controller 32ms (cache miss)
291 silly packumentCache full:https://registry.npmjs.org/abort-controller set size:undefined disposed:false
292 silly fetch manifest @google-cloud/projectify@^3.0.0
293 silly packumentCache full:https://registry.npmjs.org/@google-cloud%2fprojectify cache-miss
294 http fetch GET 200 https://registry.npmjs.org/fast-xml-parser 42ms (cache miss)
295 silly packumentCache full:https://registry.npmjs.org/fast-xml-parser set size:undefined disposed:false
296 silly fetch manifest jws@^4.0.1
297 silly packumentCache full:https://registry.npmjs.org/jws cache-miss
298 http fetch GET 200 https://registry.npmjs.org/google-auth-library 38ms (cache miss)
299 silly packumentCache full:https://registry.npmjs.org/google-auth-library set size:undefined disposed:false
300 silly fetch manifest semver@^7.5.4
301 silly packumentCache full:https://registry.npmjs.org/semver cache-miss
302 http fetch GET 200 https://registry.npmjs.org/jws 22ms (cache miss)
303 silly packumentCache full:https://registry.npmjs.org/jws set size:undefined disposed:false
304 silly fetch manifest lodash.once@^4.0.0
305 silly packumentCache full:https://registry.npmjs.org/lodash.once cache-miss
306 http fetch GET 200 https://registry.npmjs.org/@google-cloud%2fpaginator 44ms (cache miss)
307 silly packumentCache full:https://registry.npmjs.org/@google-cloud%2fpaginator set size:undefined disposed:false
308 silly fetch manifest lodash.includes@^4.3.0
309 silly packumentCache full:https://registry.npmjs.org/lodash.includes cache-miss
310 http fetch GET 200 https://registry.npmjs.org/@google-cloud%2fprojectify 43ms (cache miss)
311 silly packumentCache full:https://registry.npmjs.org/@google-cloud%2fprojectify set size:undefined disposed:false
312 silly fetch manifest lodash.isnumber@^3.0.3
313 silly packumentCache full:https://registry.npmjs.org/lodash.isnumber cache-miss
314 http fetch GET 200 https://registry.npmjs.org/@google-cloud%2fpromisify 45ms (cache miss)
315 silly packumentCache full:https://registry.npmjs.org/@google-cloud%2fpromisify set size:undefined disposed:false
316 silly fetch manifest lodash.isstring@^4.0.1
317 silly packumentCache full:https://registry.npmjs.org/lodash.isstring cache-miss
318 http fetch GET 200 https://registry.npmjs.org/@firebase%2flogger 734ms (cache miss)
319 silly packumentCache full:https://registry.npmjs.org/@firebase%2flogger set size:undefined disposed:false
320 silly fetch manifest lodash.isboolean@^3.0.3
321 silly packumentCache full:https://registry.npmjs.org/lodash.isboolean cache-miss
322 http fetch GET 200 https://registry.npmjs.org/lodash.includes 30ms (cache miss)
323 silly packumentCache full:https://registry.npmjs.org/lodash.includes set size:undefined disposed:false
324 silly fetch manifest lodash.isinteger@^4.0.4
325 silly packumentCache full:https://registry.npmjs.org/lodash.isinteger cache-miss
326 http fetch GET 200 https://registry.npmjs.org/lodash.isstring 29ms (cache miss)
327 silly packumentCache full:https://registry.npmjs.org/lodash.isstring set size:undefined disposed:false
328 silly fetch manifest lodash.isplainobject@^4.0.6
329 silly packumentCache full:https://registry.npmjs.org/lodash.isplainobject cache-miss
330 http fetch GET 200 https://registry.npmjs.org/lodash.once 41ms (cache miss)
331 silly packumentCache full:https://registry.npmjs.org/lodash.once set size:undefined disposed:false
332 silly fetch manifest jose@^4.15.4
333 silly packumentCache full:https://registry.npmjs.org/jose cache-miss
334 http fetch GET 200 https://registry.npmjs.org/lodash.isnumber 30ms (cache miss)
335 silly packumentCache full:https://registry.npmjs.org/lodash.isnumber set size:undefined disposed:false
336 silly fetch manifest limiter@^1.1.5
337 silly packumentCache full:https://registry.npmjs.org/limiter cache-miss
338 http fetch GET 200 https://registry.npmjs.org/semver 44ms (cache miss)
339 silly packumentCache full:https://registry.npmjs.org/semver set size:undefined disposed:false
340 silly fetch manifest lru-memoizer@^2.2.0
341 silly packumentCache full:https://registry.npmjs.org/lru-memoizer cache-miss
342 http fetch GET 200 https://registry.npmjs.org/lodash.isboolean 24ms (cache miss)
343 silly packumentCache full:https://registry.npmjs.org/lodash.isboolean set size:undefined disposed:false
344 silly fetch manifest @types/jsonwebtoken@^9.0.4
345 silly packumentCache full:https://registry.npmjs.org/@types%2fjsonwebtoken cache-miss
346 http fetch GET 200 https://registry.npmjs.org/lodash.isplainobject 24ms (cache miss)
347 silly packumentCache full:https://registry.npmjs.org/lodash.isplainobject set size:undefined disposed:false
348 http fetch GET 200 https://registry.npmjs.org/lodash.isinteger 25ms (cache miss)
349 silly packumentCache full:https://registry.npmjs.org/lodash.isinteger set size:undefined disposed:false
350 http fetch GET 200 https://registry.npmjs.org/limiter 24ms (cache miss)
351 silly packumentCache full:https://registry.npmjs.org/limiter set size:undefined disposed:false
352 http fetch GET 200 https://registry.npmjs.org/lru-memoizer 25ms (cache miss)
353 silly packumentCache full:https://registry.npmjs.org/lru-memoizer set size:undefined disposed:false
354 http fetch GET 200 https://registry.npmjs.org/jose 42ms (cache miss)
355 silly packumentCache full:https://registry.npmjs.org/jose set size:undefined disposed:false
356 http fetch GET 200 https://registry.npmjs.org/compressible 184ms (cache miss)
357 silly packumentCache full:https://registry.npmjs.org/compressible set size:undefined disposed:false
358 http fetch GET 200 https://registry.npmjs.org/@types%2fjsonwebtoken 189ms (cache miss)
359 silly packumentCache full:https://registry.npmjs.org/@types%2fjsonwebtoken set size:undefined disposed:false
360 silly placeDep ROOT text-decoding@1.0.0 OK for: @fastify/busboy@1.2.1 want: ^1.0.0
361 silly placeDep ROOT @firebase/component@0.6.4 OK for: @firebase/database-compat@0.3.4 want: 0.6.4
362 silly placeDep ROOT @firebase/database@0.14.4 OK for: @firebase/database-compat@0.3.4 want: 0.14.4
363 silly placeDep ROOT @firebase/logger@0.4.0 OK for: @firebase/database-compat@0.3.4 want: 0.4.0
364 silly placeDep ROOT @firebase/util@1.9.3 OK for: @firebase/database-compat@0.3.4 want: 1.9.3
365 silly fetch manifest faye-websocket@0.11.4
366 silly packumentCache full:https://registry.npmjs.org/faye-websocket cache-miss
367 silly fetch manifest @firebase/auth-interop-types@0.2.1
368 silly packumentCache full:https://registry.npmjs.org/@firebase%2fauth-interop-types cache-miss
369 http fetch GET 200 https://registry.npmjs.org/faye-websocket 25ms (cache miss)
370 silly packumentCache full:https://registry.npmjs.org/faye-websocket set size:undefined disposed:false
371 http fetch GET 200 https://registry.npmjs.org/@firebase%2fauth-interop-types 151ms (cache miss)
372 silly packumentCache full:https://registry.npmjs.org/@firebase%2fauth-interop-types set size:undefined disposed:false
373 silly placeDep ROOT @firebase/auth-interop-types@0.2.1 OK for: @firebase/database@0.14.4 want: 0.2.1
374 silly placeDep ROOT faye-websocket@0.11.4 OK for: @firebase/database@0.14.4 want: 0.11.4
375 silly fetch manifest websocket-driver@>=0.5.1
376 silly packumentCache full:https://registry.npmjs.org/websocket-driver cache-miss
377 http fetch GET 200 https://registry.npmjs.org/websocket-driver 199ms (cache miss)
378 silly packumentCache full:https://registry.npmjs.org/websocket-driver set size:undefined disposed:false
379 silly placeDep ROOT @firebase/app-types@0.9.0 OK for: @firebase/database-types@0.10.4 want: 0.9.0
380 silly placeDep ROOT functional-red-black-tree@1.0.1 OK for: @google-cloud/firestore@6.8.0 want: ^1.0.1
381 silly placeDep ROOT google-gax@3.6.1 OK for: @google-cloud/firestore@6.8.0 want: ^3.5.7
382 silly placeDep ROOT protobufjs@7.6.5 OK for: @google-cloud/firestore@6.8.0 want: ^7.2.5
383 silly fetch manifest node-fetch@^2.6.1
384 silly packumentCache full:https://registry.npmjs.org/node-fetch cache-miss
385 silly fetch manifest protobufjs@7.2.4
386 silly packumentCache full:https://registry.npmjs.org/protobufjs cache-hit
387 silly fetch manifest @types/long@^4.0.0
388 silly packumentCache full:https://registry.npmjs.org/@types%2flong cache-miss
389 silly fetch manifest object-hash@^3.0.0
390 silly packumentCache full:https://registry.npmjs.org/object-hash cache-miss
391 silly fetch manifest @grpc/grpc-js@~1.8.0
392 silly packumentCache full:https://registry.npmjs.org/@grpc%2fgrpc-js cache-miss
393 silly fetch manifest @types/rimraf@^3.0.2
394 silly packumentCache full:https://registry.npmjs.org/@types%2frimraf cache-miss
395 silly fetch manifest protobufjs-cli@1.1.1
396 silly packumentCache full:https://registry.npmjs.org/protobufjs-cli cache-miss
397 silly fetch manifest is-stream-ended@^0.1.4
398 silly packumentCache full:https://registry.npmjs.org/is-stream-ended cache-miss
399 http fetch GET 200 https://registry.npmjs.org/is-stream-ended 22ms (cache miss)
400 silly packumentCache full:https://registry.npmjs.org/is-stream-ended set size:undefined disposed:false
401 silly fetch manifest @grpc/proto-loader@^0.7.0
402 silly packumentCache full:https://registry.npmjs.org/@grpc%2fproto-loader cache-miss
403 http fetch GET 200 https://registry.npmjs.org/object-hash 26ms (cache miss)
404 silly packumentCache full:https://registry.npmjs.org/object-hash set size:undefined disposed:false
405 silly fetch manifest fast-text-encoding@^1.0.3
406 silly packumentCache full:https://registry.npmjs.org/fast-text-encoding cache-miss
407 http fetch GET 200 https://registry.npmjs.org/protobufjs-cli 27ms (cache miss)
408 silly packumentCache full:https://registry.npmjs.org/protobufjs-cli set size:undefined disposed:false
409 silly fetch manifest google-auth-library@^8.0.2
410 silly packumentCache full:https://registry.npmjs.org/google-auth-library cache-miss
411 http fetch GET 200 https://registry.npmjs.org/@types%2frimraf 30ms (cache miss)
412 silly packumentCache full:https://registry.npmjs.org/@types%2frimraf set size:undefined disposed:false
413 silly fetch manifest proto3-json-serializer@^1.0.0
414 silly packumentCache full:https://registry.npmjs.org/proto3-json-serializer cache-miss
415 http cache https://registry.npmjs.org/google-auth-library 3ms (cache hit)
416 silly packumentCache full:https://registry.npmjs.org/google-auth-library set size:734274 disposed:false
417 silly fetch manifest long@^5.3.2
418 silly packumentCache full:https://registry.npmjs.org/long cache-miss
419 http fetch GET 200 https://registry.npmjs.org/@types%2flong 36ms (cache miss)
420 silly packumentCache full:https://registry.npmjs.org/@types%2flong set size:undefined disposed:false
421 silly fetch manifest @protobufjs/path@^1.1.2
422 silly packumentCache full:https://registry.npmjs.org/@protobufjs%2fpath cache-miss
423 http fetch GET 200 https://registry.npmjs.org/node-fetch 50ms (cache miss)
424 silly packumentCache full:https://registry.npmjs.org/node-fetch set size:undefined disposed:false
425 silly fetch manifest @protobufjs/pool@^1.1.0
426 silly packumentCache full:https://registry.npmjs.org/@protobufjs%2fpool cache-miss
427 http fetch GET 200 https://registry.npmjs.org/@grpc%2fgrpc-js 54ms (cache miss)
428 silly packumentCache full:https://registry.npmjs.org/@grpc%2fgrpc-js set size:undefined disposed:false
429 silly fetch manifest @protobufjs/utf8@^1.1.1
430 silly packumentCache full:https://registry.npmjs.org/@protobufjs%2futf8 cache-miss
431 http fetch GET 200 https://registry.npmjs.org/proto3-json-serializer 29ms (cache miss)
432 silly packumentCache full:https://registry.npmjs.org/proto3-json-serializer set size:undefined disposed:false
433 silly fetch manifest @protobufjs/fetch@^1.1.1
434 silly packumentCache full:https://registry.npmjs.org/@protobufjs%2ffetch cache-miss
435 http fetch GET 200 https://registry.npmjs.org/@grpc%2fproto-loader 42ms (cache miss)
436 silly packumentCache full:https://registry.npmjs.org/@grpc%2fproto-loader set size:undefined disposed:false
437 silly fetch manifest @protobufjs/float@^1.0.2
438 silly packumentCache full:https://registry.npmjs.org/@protobufjs%2ffloat cache-miss
439 http fetch GET 200 https://registry.npmjs.org/long 32ms (cache miss)
440 silly packumentCache full:https://registry.npmjs.org/long set size:undefined disposed:false
441 silly fetch manifest @protobufjs/base64@^1.1.2
442 silly packumentCache full:https://registry.npmjs.org/@protobufjs%2fbase64 cache-miss
443 http fetch GET 200 https://registry.npmjs.org/@protobufjs%2fpath 32ms (cache miss)
444 silly packumentCache full:https://registry.npmjs.org/@protobufjs%2fpath set size:undefined disposed:false
445 silly fetch manifest @protobufjs/codegen@^2.0.5
446 silly packumentCache full:https://registry.npmjs.org/@protobufjs%2fcodegen cache-miss
447 http fetch GET 200 https://registry.npmjs.org/@protobufjs%2fpool 32ms (cache miss)
448 silly packumentCache full:https://registry.npmjs.org/@protobufjs%2fpool set size:undefined disposed:false
449 silly fetch manifest @protobufjs/aspromise@^1.1.2
450 silly packumentCache full:https://registry.npmjs.org/@protobufjs%2faspromise cache-miss
451 http fetch GET 200 https://registry.npmjs.org/@protobufjs%2futf8 37ms (cache miss)
452 silly packumentCache full:https://registry.npmjs.org/@protobufjs%2futf8 set size:undefined disposed:false
453 silly fetch manifest @protobufjs/eventemitter@^1.1.1
454 silly packumentCache full:https://registry.npmjs.org/@protobufjs%2feventemitter cache-miss
455 http fetch GET 200 https://registry.npmjs.org/@protobufjs%2ffetch 34ms (cache miss)
456 silly packumentCache full:https://registry.npmjs.org/@protobufjs%2ffetch set size:undefined disposed:false
457 http fetch GET 200 https://registry.npmjs.org/@protobufjs%2ffloat 30ms (cache miss)
458 silly packumentCache full:https://registry.npmjs.org/@protobufjs%2ffloat set size:undefined disposed:false
459 http fetch GET 200 https://registry.npmjs.org/@protobufjs%2fcodegen 31ms (cache miss)
460 silly packumentCache full:https://registry.npmjs.org/@protobufjs%2fcodegen set size:undefined disposed:false
461 http fetch GET 200 https://registry.npmjs.org/@protobufjs%2fbase64 32ms (cache miss)
462 silly packumentCache full:https://registry.npmjs.org/@protobufjs%2fbase64 set size:undefined disposed:false
463 http fetch GET 200 https://registry.npmjs.org/@protobufjs%2faspromise 33ms (cache miss)
464 silly packumentCache full:https://registry.npmjs.org/@protobufjs%2faspromise set size:undefined disposed:false
465 http fetch GET 200 https://registry.npmjs.org/@protobufjs%2feventemitter 34ms (cache miss)
466 silly packumentCache full:https://registry.npmjs.org/@protobufjs%2feventemitter set size:undefined disposed:false
467 http fetch GET 200 https://registry.npmjs.org/fast-text-encoding 183ms (cache miss)
468 silly packumentCache full:https://registry.npmjs.org/fast-text-encoding set size:undefined disposed:false
469 silly placeDep ROOT @google-cloud/paginator@3.0.7 OK for: @google-cloud/storage@6.12.0 want: ^3.0.7
470 silly placeDep ROOT @google-cloud/projectify@3.0.0 OK for: @google-cloud/storage@6.12.0 want: ^3.0.0
471 silly placeDep ROOT @google-cloud/promisify@3.0.1 OK for: @google-cloud/storage@6.12.0 want: ^3.0.0
472 silly placeDep ROOT abort-controller@3.0.0 OK for: @google-cloud/storage@6.12.0 want: ^3.0.0
473 silly placeDep ROOT async-retry@1.3.3 OK for: @google-cloud/storage@6.12.0 want: ^1.3.3
474 silly placeDep ROOT compressible@2.0.18 OK for: @google-cloud/storage@6.12.0 want: ^2.0.12
475 silly placeDep ROOT duplexify@4.1.3 OK for: @google-cloud/storage@6.12.0 want: ^4.0.0
476 silly placeDep ROOT ent@2.2.2 OK for: @google-cloud/storage@6.12.0 want: ^2.2.0
477 silly placeDep ROOT extend@3.0.2 OK for: @google-cloud/storage@6.12.0 want: ^3.0.2
478 silly placeDep ROOT fast-xml-parser@4.5.7 OK for: @google-cloud/storage@6.12.0 want: ^4.2.2
479 silly placeDep ROOT gaxios@5.1.3 OK for: @google-cloud/storage@6.12.0 want: ^5.0.0
480 silly placeDep ROOT google-auth-library@8.9.0 OK for: @google-cloud/storage@6.12.0 want: ^8.0.1
481 silly placeDep ROOT mime@3.0.0 OK for: @google-cloud/storage@6.12.0 want: ^3.0.0
482 silly placeDep ROOT mime-types@2.1.35 OK for: @google-cloud/storage@6.12.0 want: ^2.0.8
483 silly placeDep ROOT retry-request@5.0.2 OK for: @google-cloud/storage@6.12.0 want: ^5.0.0
484 silly placeDep ROOT teeny-request@8.0.3 OK for: @google-cloud/storage@6.12.0 want: ^8.0.0
485 silly placeDep node_modules/@google-cloud/storage uuid@8.3.2 OK for: @google-cloud/storage@6.12.0 want: ^8.0.0
486 silly fetch manifest arrify@^2.0.0
487 silly packumentCache full:https://registry.npmjs.org/arrify cache-miss
488 silly fetch manifest event-target-shim@^5.0.0
489 silly packumentCache full:https://registry.npmjs.org/event-target-shim cache-miss
490 silly fetch manifest retry@0.13.1
491 silly packumentCache full:https://registry.npmjs.org/retry cache-miss
492 silly fetch manifest mime-db@>= 1.43.0 < 2
493 silly packumentCache full:https://registry.npmjs.org/mime-db cache-miss
494 silly fetch manifest end-of-stream@^1.4.1
495 silly packumentCache full:https://registry.npmjs.org/end-of-stream cache-miss
496 silly fetch manifest inherits@^2.0.3
497 silly packumentCache full:https://registry.npmjs.org/inherits cache-miss
498 silly fetch manifest readable-stream@^3.1.1
499 silly packumentCache full:https://registry.npmjs.org/readable-stream cache-miss
500 http fetch GET 200 https://registry.npmjs.org/arrify 35ms (cache miss)
501 silly packumentCache full:https://registry.npmjs.org/arrify set size:undefined disposed:false
502 silly fetch manifest stream-shift@^1.0.2
503 silly packumentCache full:https://registry.npmjs.org/stream-shift cache-miss
504 http fetch GET 200 https://registry.npmjs.org/end-of-stream 35ms (cache miss)
505 silly packumentCache full:https://registry.npmjs.org/end-of-stream set size:undefined disposed:false
506 silly fetch manifest punycode@^1.4.1
507 silly packumentCache full:https://registry.npmjs.org/punycode cache-miss
508 http fetch GET 200 https://registry.npmjs.org/retry 37ms (cache miss)
509 silly packumentCache full:https://registry.npmjs.org/retry set size:undefined disposed:false
510 silly fetch manifest strnum@^1.0.5
511 silly packumentCache full:https://registry.npmjs.org/strnum cache-miss
512 http fetch GET 200 https://registry.npmjs.org/inherits 36ms (cache miss)
513 silly packumentCache full:https://registry.npmjs.org/inherits set size:undefined disposed:false
514 silly fetch manifest is-stream@^2.0.0
515 silly packumentCache full:https://registry.npmjs.org/is-stream cache-miss
516 http fetch GET 200 https://registry.npmjs.org/event-target-shim 38ms (cache miss)
517 silly packumentCache full:https://registry.npmjs.org/event-target-shim set size:undefined disposed:false
518 silly fetch manifest node-fetch@^2.6.9
519 silly packumentCache full:https://registry.npmjs.org/node-fetch cache-miss
520 http fetch GET 200 https://registry.npmjs.org/mime-db 38ms (cache miss)
521 silly packumentCache full:https://registry.npmjs.org/mime-db set size:undefined disposed:false
522 silly fetch manifest https-proxy-agent@^5.0.0
523 silly packumentCache full:https://registry.npmjs.org/https-proxy-agent cache-miss
524 http fetch GET 200 https://registry.npmjs.org/readable-stream 39ms (cache miss)
525 silly packumentCache full:https://registry.npmjs.org/readable-stream set size:undefined disposed:false
526 silly fetch manifest jws@^4.0.0
527 silly packumentCache full:https://registry.npmjs.org/jws cache-miss
528 http cache https://registry.npmjs.org/node-fetch 4ms (cache hit)
529 silly packumentCache full:https://registry.npmjs.org/node-fetch set size:896010 disposed:false
530 silly fetch manifest gtoken@^6.1.0
531 silly packumentCache full:https://registry.npmjs.org/gtoken cache-miss
532 http cache https://registry.npmjs.org/jws 5ms (cache hit)
533 silly packumentCache full:https://registry.npmjs.org/jws set size:48740 disposed:false
534 silly fetch manifest base64-js@^1.3.0
535 silly packumentCache full:https://registry.npmjs.org/base64-js cache-miss
536 http fetch GET 200 https://registry.npmjs.org/stream-shift 21ms (cache miss)
537 silly packumentCache full:https://registry.npmjs.org/stream-shift set size:undefined disposed:false
538 silly fetch manifest lru-cache@^6.0.0
539 silly packumentCache full:https://registry.npmjs.org/lru-cache cache-miss
540 http fetch GET 200 https://registry.npmjs.org/punycode 24ms (cache miss)
541 silly packumentCache full:https://registry.npmjs.org/punycode set size:undefined disposed:false
542 silly fetch manifest gcp-metadata@^5.3.0
543 silly packumentCache full:https://registry.npmjs.org/gcp-metadata cache-miss
544 http cache https://registry.npmjs.org/lru-cache 4ms (cache hit)
545 silly packumentCache full:https://registry.npmjs.org/lru-cache set size:460407 disposed:false
546 silly fetch manifest fast-text-encoding@^1.0.0
547 silly packumentCache full:https://registry.npmjs.org/fast-text-encoding cache-miss
548 http fetch GET 200 https://registry.npmjs.org/is-stream 27ms (cache miss)
549 silly packumentCache full:https://registry.npmjs.org/is-stream set size:undefined disposed:false
550 silly fetch manifest ecdsa-sig-formatter@^1.0.11
551 silly packumentCache full:https://registry.npmjs.org/ecdsa-sig-formatter cache-miss
552 http fetch GET 200 https://registry.npmjs.org/strnum 29ms (cache miss)
553 silly packumentCache full:https://registry.npmjs.org/strnum set size:undefined disposed:false
554 silly fetch manifest mime-db@1.52.0
555 silly packumentCache full:https://registry.npmjs.org/mime-db cache-miss
556 http cache https://registry.npmjs.org/fast-text-encoding 3ms (cache hit)
557 silly packumentCache full:https://registry.npmjs.org/fast-text-encoding set size:53103 disposed:false
558 silly fetch manifest stream-events@^1.0.5
559 silly packumentCache full:https://registry.npmjs.org/stream-events cache-miss
560 http fetch GET 200 https://registry.npmjs.org/https-proxy-agent 27ms (cache miss)
561 silly packumentCache full:https://registry.npmjs.org/https-proxy-agent set size:undefined disposed:false
562 silly fetch manifest http-proxy-agent@^5.0.0
563 silly packumentCache full:https://registry.npmjs.org/http-proxy-agent cache-miss
564 http cache https://registry.npmjs.org/mime-db 5ms (cache hit)
565 silly packumentCache full:https://registry.npmjs.org/mime-db set size:164953 disposed:false
566 http fetch GET 200 https://registry.npmjs.org/base64-js 30ms (cache miss)
567 silly packumentCache full:https://registry.npmjs.org/base64-js set size:undefined disposed:false
568 http fetch GET 200 https://registry.npmjs.org/gtoken 32ms (cache miss)
569 silly packumentCache full:https://registry.npmjs.org/gtoken set size:undefined disposed:false
570 http fetch GET 200 https://registry.npmjs.org/ecdsa-sig-formatter 21ms (cache miss)
571 silly packumentCache full:https://registry.npmjs.org/ecdsa-sig-formatter set size:undefined disposed:false
572 http fetch GET 200 https://registry.npmjs.org/stream-events 23ms (cache miss)
573 silly packumentCache full:https://registry.npmjs.org/stream-events set size:undefined disposed:false
574 http fetch GET 200 https://registry.npmjs.org/gcp-metadata 31ms (cache miss)
575 silly packumentCache full:https://registry.npmjs.org/gcp-metadata set size:undefined disposed:false
576 http fetch GET 200 https://registry.npmjs.org/http-proxy-agent 26ms (cache miss)
577 silly packumentCache full:https://registry.npmjs.org/http-proxy-agent set size:undefined disposed:false
578 silly placeDep ROOT arrify@2.0.1 OK for: @google-cloud/paginator@3.0.7 want: ^2.0.0
579 silly placeDep ROOT event-target-shim@5.0.1 OK for: abort-controller@3.0.0 want: ^5.0.0
580 silly placeDep ROOT retry@0.13.1 OK for: async-retry@1.3.3 want: 0.13.1
581 silly placeDep ROOT mime-db@1.54.0 OK for: compressible@2.0.18 want: >= 1.43.0 < 2
582 silly placeDep ROOT end-of-stream@1.4.5 OK for: duplexify@4.1.3 want: ^1.4.1
583 silly placeDep ROOT inherits@2.0.4 OK for: duplexify@4.1.3 want: ^2.0.3
584 silly placeDep ROOT readable-stream@3.6.2 OK for: duplexify@4.1.3 want: ^3.1.1
585 silly placeDep ROOT stream-shift@1.0.3 OK for: duplexify@4.1.3 want: ^1.0.2
586 silly fetch manifest once@^1.4.0
587 silly packumentCache full:https://registry.npmjs.org/once cache-miss
588 silly fetch manifest string_decoder@^1.1.1
589 silly packumentCache full:https://registry.npmjs.org/string_decoder cache-miss
590 silly fetch manifest util-deprecate@^1.0.1
591 silly packumentCache full:https://registry.npmjs.org/util-deprecate cache-miss
592 http fetch GET 200 https://registry.npmjs.org/once 22ms (cache miss)
593 silly packumentCache full:https://registry.npmjs.org/once set size:undefined disposed:false
594 http fetch GET 200 https://registry.npmjs.org/util-deprecate 24ms (cache miss)
595 silly packumentCache full:https://registry.npmjs.org/util-deprecate set size:undefined disposed:false
596 http fetch GET 200 https://registry.npmjs.org/string_decoder 24ms (cache miss)
597 silly packumentCache full:https://registry.npmjs.org/string_decoder set size:undefined disposed:false
598 silly placeDep ROOT once@1.4.0 OK for: end-of-stream@1.4.5 want: ^1.4.0
599 silly fetch manifest wrappy@1
600 silly packumentCache full:https://registry.npmjs.org/wrappy cache-miss
601 http fetch GET 200 https://registry.npmjs.org/wrappy 21ms (cache miss)
602 silly packumentCache full:https://registry.npmjs.org/wrappy set size:undefined disposed:false
603 silly placeDep node_modules/ent punycode@1.4.1 OK for: ent@2.2.2 want: ^1.4.1
604 silly placeDep ROOT strnum@1.1.2 OK for: fast-xml-parser@4.5.7 want: ^1.0.5
605 silly placeDep ROOT websocket-driver@0.7.5 OK for: faye-websocket@0.11.4 want: >=0.5.1
606 silly fetch manifest http-parser-js@>=0.5.1
607 silly packumentCache full:https://registry.npmjs.org/http-parser-js cache-miss
608 silly fetch manifest safe-buffer@>=5.1.0
609 silly packumentCache full:https://registry.npmjs.org/safe-buffer cache-miss
610 silly fetch manifest websocket-extensions@>=0.1.1
611 silly packumentCache full:https://registry.npmjs.org/websocket-extensions cache-miss
612 http fetch GET 200 https://registry.npmjs.org/http-parser-js 24ms (cache miss)
613 silly packumentCache full:https://registry.npmjs.org/http-parser-js set size:undefined disposed:false
614 http fetch GET 200 https://registry.npmjs.org/safe-buffer 24ms (cache miss)
615 silly packumentCache full:https://registry.npmjs.org/safe-buffer set size:undefined disposed:false
616 http fetch GET 200 https://registry.npmjs.org/websocket-extensions 25ms (cache miss)
617 silly packumentCache full:https://registry.npmjs.org/websocket-extensions set size:undefined disposed:false
618 silly placeDep ROOT @hapi/accept@6.0.3 OK for: firebase-frameworks@0.11.8 want: ^6.0.1
619 silly placeDep ROOT cookie@0.5.0 OK for: firebase-frameworks@0.11.8 want: ^0.5.0
620 silly placeDep node_modules/firebase-frameworks lru-cache@7.18.3 OK for: firebase-frameworks@0.11.8 want: ^7.14.0
621 silly fetch manifest @hapi/boom@^10.0.1
622 silly packumentCache full:https://registry.npmjs.org/@hapi%2fboom cache-miss
623 silly fetch manifest @hapi/hoek@^11.0.2
624 silly packumentCache full:https://registry.npmjs.org/@hapi%2fhoek cache-miss
625 http fetch GET 200 https://registry.npmjs.org/@hapi%2fboom 30ms (cache miss)
626 silly packumentCache full:https://registry.npmjs.org/@hapi%2fboom set size:undefined disposed:false
627 http fetch GET 200 https://registry.npmjs.org/@hapi%2fhoek 35ms (cache miss)
628 silly packumentCache full:https://registry.npmjs.org/@hapi%2fhoek set size:undefined disposed:false
629 silly placeDep ROOT @hapi/boom@10.0.1 OK for: @hapi/accept@6.0.3 want: ^10.0.1
630 silly placeDep ROOT @hapi/hoek@11.0.7 OK for: @hapi/accept@6.0.3 want: ^11.0.2
631 silly placeDep ROOT @types/cors@2.8.19 OK for: firebase-functions@6.6.0 want: ^2.8.5
632 silly placeDep ROOT @types/express@4.17.25 OK for: firebase-functions@6.6.0 want: ^4.17.21
633 silly placeDep ROOT cors@2.8.6 OK for: firebase-functions@6.6.0 want: ^2.8.5
634 silly placeDep ROOT express@4.22.2 OK for: firebase-functions@6.6.0 want: ^4.21.0
635 silly fetch manifest @types/qs@*
636 silly packumentCache full:https://registry.npmjs.org/@types%2fqs cache-miss
637 silly fetch manifest @types/body-parser@*
638 silly packumentCache full:https://registry.npmjs.org/@types%2fbody-parser cache-miss
639 silly fetch manifest @types/serve-static@^1
640 silly packumentCache full:https://registry.npmjs.org/@types%2fserve-static cache-miss
641 silly fetch manifest @types/express-serve-static-core@^4.17.33
642 silly packumentCache full:https://registry.npmjs.org/@types%2fexpress-serve-static-core cache-miss
643 silly fetch manifest vary@^1
644 silly packumentCache full:https://registry.npmjs.org/vary cache-miss
645 silly fetch manifest qs@~6.15.1
646 silly packumentCache full:https://registry.npmjs.org/qs cache-miss
647 silly fetch manifest depd@2.0.0
648 silly packumentCache full:https://registry.npmjs.org/depd cache-miss
649 http fetch GET 200 https://registry.npmjs.org/depd 24ms (cache miss)
650 silly packumentCache full:https://registry.npmjs.org/depd set size:undefined disposed:false
651 silly fetch manifest etag@~1.8.1
652 silly packumentCache full:https://registry.npmjs.org/etag cache-miss
653 http fetch GET 200 https://registry.npmjs.org/vary 25ms (cache miss)
654 silly packumentCache full:https://registry.npmjs.org/vary set size:undefined disposed:false
655 silly fetch manifest send@~0.19.0
656 silly packumentCache full:https://registry.npmjs.org/send cache-miss
657 http fetch GET 200 https://registry.npmjs.org/@types%2fbody-parser 29ms (cache miss)
658 silly packumentCache full:https://registry.npmjs.org/@types%2fbody-parser set size:undefined disposed:false
659 silly fetch manifest vary@~1.1.2
660 silly packumentCache full:https://registry.npmjs.org/vary cache-miss
661 http fetch GET 200 https://registry.npmjs.org/@types%2fserve-static 31ms (cache miss)
662 silly packumentCache full:https://registry.npmjs.org/@types%2fserve-static set size:undefined disposed:false
663 silly fetch manifest debug@2.6.9
664 silly packumentCache full:https://registry.npmjs.org/debug cache-miss
665 http fetch GET 200 https://registry.npmjs.org/qs 31ms (cache miss)
666 silly packumentCache full:https://registry.npmjs.org/qs set size:undefined disposed:false
667 silly fetch manifest fresh@~0.5.2
668 silly packumentCache full:https://registry.npmjs.org/fresh cache-miss
669 http cache https://registry.npmjs.org/vary 5ms (cache hit)
670 silly packumentCache full:https://registry.npmjs.org/vary set size:15994 disposed:false
671 silly fetch manifest cookie@~0.7.1
672 silly packumentCache full:https://registry.npmjs.org/cookie cache-miss
673 http fetch GET 200 https://registry.npmjs.org/@types%2fqs 34ms (cache miss)
674 silly packumentCache full:https://registry.npmjs.org/@types%2fqs set size:undefined disposed:false
675 silly fetch manifest accepts@~1.3.8
676 silly packumentCache full:https://registry.npmjs.org/accepts cache-miss
677 http cache https://registry.npmjs.org/cookie 2ms (cache hit)
678 silly packumentCache full:https://registry.npmjs.org/cookie set size:78274 disposed:false
679 silly fetch manifest methods@~1.1.2
680 silly packumentCache full:https://registry.npmjs.org/methods cache-miss
681 http fetch GET 200 https://registry.npmjs.org/@types%2fexpress-serve-static-core 37ms (cache miss)
682 silly packumentCache full:https://registry.npmjs.org/@types%2fexpress-serve-static-core set size:undefined disposed:false
683 silly fetch manifest type-is@~1.6.18
684 silly packumentCache full:https://registry.npmjs.org/type-is cache-miss
685 http fetch GET 200 https://registry.npmjs.org/etag 27ms (cache miss)
686 silly packumentCache full:https://registry.npmjs.org/etag set size:undefined disposed:false
687 silly fetch manifest parseurl@~1.3.3
688 silly packumentCache full:https://registry.npmjs.org/parseurl cache-miss
689 http fetch GET 200 https://registry.npmjs.org/fresh 20ms (cache miss)
690 silly packumentCache full:https://registry.npmjs.org/fresh set size:undefined disposed:false
691 silly fetch manifest statuses@~2.0.1
692 silly packumentCache full:https://registry.npmjs.org/statuses cache-miss
693 http fetch GET 200 https://registry.npmjs.org/send 29ms (cache miss)
694 silly packumentCache full:https://registry.npmjs.org/send set size:undefined disposed:false
695 silly fetch manifest encodeurl@~2.0.0
696 silly packumentCache full:https://registry.npmjs.org/encodeurl cache-miss
697 http fetch GET 200 https://registry.npmjs.org/accepts 24ms (cache miss)
698 silly packumentCache full:https://registry.npmjs.org/accepts set size:undefined disposed:false
699 silly fetch manifest proxy-addr@~2.0.7
700 silly packumentCache full:https://registry.npmjs.org/proxy-addr cache-miss
701 http fetch GET 200 https://registry.npmjs.org/debug 29ms (cache miss)
702 silly packumentCache full:https://registry.npmjs.org/debug set size:undefined disposed:false
703 silly fetch manifest body-parser@~1.20.5
704 silly packumentCache full:https://registry.npmjs.org/body-parser cache-miss
705 http fetch GET 200 https://registry.npmjs.org/methods 25ms (cache miss)
706 silly packumentCache full:https://registry.npmjs.org/methods set size:undefined disposed:false
707 silly fetch manifest escape-html@~1.0.3
708 silly packumentCache full:https://registry.npmjs.org/escape-html cache-miss
709 http fetch GET 200 https://registry.npmjs.org/type-is 25ms (cache miss)
710 silly packumentCache full:https://registry.npmjs.org/type-is set size:undefined disposed:false
711 silly fetch manifest http-errors@~2.0.0
712 silly packumentCache full:https://registry.npmjs.org/http-errors cache-miss
713 http fetch GET 200 https://registry.npmjs.org/parseurl 24ms (cache miss)
714 silly packumentCache full:https://registry.npmjs.org/parseurl set size:undefined disposed:false
715 silly fetch manifest on-finished@~2.4.1
716 silly packumentCache full:https://registry.npmjs.org/on-finished cache-miss
717 http fetch GET 200 https://registry.npmjs.org/statuses 25ms (cache miss)
718 silly packumentCache full:https://registry.npmjs.org/statuses set size:undefined disposed:false
719 silly fetch manifest safe-buffer@5.2.1
720 silly packumentCache full:https://registry.npmjs.org/safe-buffer cache-miss
721 http cache https://registry.npmjs.org/safe-buffer 3ms (cache hit)
722 silly packumentCache full:https://registry.npmjs.org/safe-buffer set size:41183 disposed:false
723 silly fetch manifest utils-merge@1.0.1
724 silly packumentCache full:https://registry.npmjs.org/utils-merge cache-miss
725 http fetch GET 200 https://registry.npmjs.org/encodeurl 26ms (cache miss)
726 silly packumentCache full:https://registry.npmjs.org/encodeurl set size:undefined disposed:false
727 silly fetch manifest content-type@~1.0.4
728 silly packumentCache full:https://registry.npmjs.org/content-type cache-miss
729 http fetch GET 200 https://registry.npmjs.org/proxy-addr 24ms (cache miss)
730 silly packumentCache full:https://registry.npmjs.org/proxy-addr set size:undefined disposed:false
731 silly fetch manifest finalhandler@~1.3.1
732 silly packumentCache full:https://registry.npmjs.org/finalhandler cache-miss
733 http fetch GET 200 https://registry.npmjs.org/body-parser 27ms (cache miss)
734 silly packumentCache full:https://registry.npmjs.org/body-parser set size:undefined disposed:false
735 silly fetch manifest range-parser@~1.2.1
736 silly packumentCache full:https://registry.npmjs.org/range-parser cache-miss
737 http fetch GET 200 https://registry.npmjs.org/http-errors 27ms (cache miss)
738 silly packumentCache full:https://registry.npmjs.org/http-errors set size:undefined disposed:false
739 silly fetch manifest serve-static@~1.16.2
740 silly packumentCache full:https://registry.npmjs.org/serve-static cache-miss
741 http fetch GET 200 https://registry.npmjs.org/escape-html 28ms (cache miss)
742 silly packumentCache full:https://registry.npmjs.org/escape-html set size:undefined disposed:false
743 silly fetch manifest array-flatten@1.1.1
744 silly packumentCache full:https://registry.npmjs.org/array-flatten cache-miss
745 http fetch GET 200 https://registry.npmjs.org/on-finished 20ms (cache miss)
746 silly packumentCache full:https://registry.npmjs.org/on-finished set size:undefined disposed:false
747 silly fetch manifest path-to-regexp@~0.1.12
748 silly packumentCache full:https://registry.npmjs.org/path-to-regexp cache-miss
749 http fetch GET 200 https://registry.npmjs.org/utils-merge 21ms (cache miss)
750 silly packumentCache full:https://registry.npmjs.org/utils-merge set size:undefined disposed:false
751 silly fetch manifest setprototypeof@1.2.0
752 silly packumentCache full:https://registry.npmjs.org/setprototypeof cache-miss
753 http fetch GET 200 https://registry.npmjs.org/finalhandler 23ms (cache miss)
754 silly packumentCache full:https://registry.npmjs.org/finalhandler set size:undefined disposed:false
755 silly fetch manifest cookie-signature@~1.0.6
756 silly packumentCache full:https://registry.npmjs.org/cookie-signature cache-miss
757 http fetch GET 200 https://registry.npmjs.org/content-type 25ms (cache miss)
758 silly packumentCache full:https://registry.npmjs.org/content-type set size:undefined disposed:false
759 silly fetch manifest merge-descriptors@1.0.3
760 silly packumentCache full:https://registry.npmjs.org/merge-descriptors cache-miss
761 http fetch GET 200 https://registry.npmjs.org/range-parser 22ms (cache miss)
762 silly packumentCache full:https://registry.npmjs.org/range-parser set size:undefined disposed:false
763 silly fetch manifest content-disposition@~0.5.4
764 silly packumentCache full:https://registry.npmjs.org/content-disposition cache-miss
765 http fetch GET 200 https://registry.npmjs.org/array-flatten 23ms (cache miss)
766 silly packumentCache full:https://registry.npmjs.org/array-flatten set size:undefined disposed:false
767 http fetch GET 200 https://registry.npmjs.org/serve-static 26ms (cache miss)
768 silly packumentCache full:https://registry.npmjs.org/serve-static set size:undefined disposed:false
769 http fetch GET 200 https://registry.npmjs.org/setprototypeof 24ms (cache miss)
770 silly packumentCache full:https://registry.npmjs.org/setprototypeof set size:undefined disposed:false
771 http fetch GET 200 https://registry.npmjs.org/path-to-regexp 29ms (cache miss)
772 silly packumentCache full:https://registry.npmjs.org/path-to-regexp set size:undefined disposed:false
773 http fetch GET 200 https://registry.npmjs.org/cookie-signature 23ms (cache miss)
774 silly packumentCache full:https://registry.npmjs.org/cookie-signature set size:undefined disposed:false
775 http fetch GET 200 https://registry.npmjs.org/merge-descriptors 22ms (cache miss)
776 silly packumentCache full:https://registry.npmjs.org/merge-descriptors set size:undefined disposed:false
777 http fetch GET 200 https://registry.npmjs.org/content-disposition 22ms (cache miss)
778 silly packumentCache full:https://registry.npmjs.org/content-disposition set size:undefined disposed:false
779 silly placeDep ROOT @types/body-parser@1.19.6 OK for: @types/express@4.17.25 want: *
780 silly placeDep ROOT @types/express-serve-static-core@4.19.9 OK for: @types/express@4.17.25 want: ^4.17.33
781 silly placeDep ROOT @types/qs@6.15.1 OK for: @types/express@4.17.25 want: *
782 silly placeDep ROOT @types/serve-static@1.15.10 OK for: @types/express@4.17.25 want: ^1
783 silly fetch manifest @types/connect@*
784 silly packumentCache full:https://registry.npmjs.org/@types%2fconnect cache-miss
785 silly fetch manifest @types/send@*
786 silly packumentCache full:https://registry.npmjs.org/@types%2fsend cache-miss
787 silly fetch manifest @types/range-parser@*
788 silly packumentCache full:https://registry.npmjs.org/@types%2frange-parser cache-miss
789 silly fetch manifest @types/send@<1
790 silly packumentCache full:https://registry.npmjs.org/@types%2fsend cache-miss
791 silly fetch manifest @types/http-errors@*
792 silly packumentCache full:https://registry.npmjs.org/@types%2fhttp-errors cache-miss
793 http fetch GET 200 https://registry.npmjs.org/@types%2fconnect 28ms (cache miss)
794 silly packumentCache full:https://registry.npmjs.org/@types%2fconnect set size:undefined disposed:false
795 http fetch GET 200 https://registry.npmjs.org/@types%2fsend 29ms (cache miss)
796 silly packumentCache full:https://registry.npmjs.org/@types%2fsend set size:undefined disposed:false
797 http fetch GET 200 https://registry.npmjs.org/@types%2fsend 29ms (cache miss)
798 silly packumentCache full:https://registry.npmjs.org/@types%2fsend set size:undefined disposed:false
799 http fetch GET 200 https://registry.npmjs.org/@types%2frange-parser 29ms (cache miss)
800 silly packumentCache full:https://registry.npmjs.org/@types%2frange-parser set size:undefined disposed:false
801 http fetch GET 200 https://registry.npmjs.org/@types%2fhttp-errors 30ms (cache miss)
802 silly packumentCache full:https://registry.npmjs.org/@types%2fhttp-errors set size:undefined disposed:false
803 silly placeDep ROOT @types/connect@3.4.38 OK for: @types/body-parser@1.19.6 want: *
804 silly placeDep ROOT @types/range-parser@1.2.7 OK for: @types/express-serve-static-core@4.19.9 want: *
805 silly placeDep ROOT @types/send@1.2.1 OK for: @types/express-serve-static-core@4.19.9 want: *
806 silly placeDep ROOT @types/http-errors@2.0.5 OK for: @types/serve-static@1.15.10 want: *
807 silly placeDep node_modules/@types/serve-static @types/send@0.17.6 OK for: @types/serve-static@1.15.10 want: <1
808 silly fetch manifest @types/mime@^1
809 silly packumentCache full:https://registry.npmjs.org/@types%2fmime cache-miss
810 http fetch GET 200 https://registry.npmjs.org/@types%2fmime 195ms (cache miss)
811 silly packumentCache full:https://registry.npmjs.org/@types%2fmime set size:undefined disposed:false
812 silly placeDep ROOT vary@1.1.2 OK for: cors@2.8.6 want: ^1
813 silly placeDep ROOT accepts@1.3.8 OK for: express@4.22.2 want: ~1.3.8
814 silly placeDep ROOT array-flatten@1.1.1 OK for: express@4.22.2 want: 1.1.1
815 silly placeDep ROOT body-parser@1.20.6 OK for: express@4.22.2 want: ~1.20.5
816 silly placeDep ROOT content-disposition@0.5.4 OK for: express@4.22.2 want: ~0.5.4
817 silly placeDep ROOT content-type@1.0.5 OK for: express@4.22.2 want: ~1.0.4
818 silly placeDep node_modules/express cookie@0.7.2 OK for: express@4.22.2 want: ~0.7.1
819 silly placeDep ROOT cookie-signature@1.0.7 OK for: express@4.22.2 want: ~1.0.6
820 silly placeDep node_modules/express debug@2.6.9 OK for: express@4.22.2 want: 2.6.9
821 silly placeDep ROOT depd@2.0.0 OK for: express@4.22.2 want: 2.0.0
822 silly placeDep ROOT encodeurl@2.0.0 OK for: express@4.22.2 want: ~2.0.0
823 silly placeDep ROOT escape-html@1.0.3 OK for: express@4.22.2 want: ~1.0.3
824 silly placeDep ROOT etag@1.8.1 OK for: express@4.22.2 want: ~1.8.1
825 silly placeDep ROOT finalhandler@1.3.2 OK for: express@4.22.2 want: ~1.3.1
826 silly placeDep ROOT fresh@0.5.2 OK for: express@4.22.2 want: ~0.5.2
827 silly placeDep ROOT http-errors@2.0.1 OK for: express@4.22.2 want: ~2.0.0
828 silly placeDep ROOT merge-descriptors@1.0.3 OK for: express@4.22.2 want: 1.0.3
829 silly placeDep ROOT methods@1.1.2 OK for: express@4.22.2 want: ~1.1.2
830 silly placeDep ROOT on-finished@2.4.1 OK for: express@4.22.2 want: ~2.4.1
831 silly placeDep ROOT parseurl@1.3.3 OK for: express@4.22.2 want: ~1.3.3
832 silly placeDep ROOT path-to-regexp@0.1.13 OK for: express@4.22.2 want: ~0.1.12
833 silly placeDep ROOT proxy-addr@2.0.7 OK for: express@4.22.2 want: ~2.0.7
834 silly placeDep ROOT qs@6.15.3 OK for: express@4.22.2 want: ~6.15.1
835 silly placeDep ROOT range-parser@1.2.1 OK for: express@4.22.2 want: ~1.2.1
836 silly placeDep ROOT safe-buffer@5.2.1 OK for: express@4.22.2 want: 5.2.1
837 silly placeDep ROOT send@0.19.2 OK for: express@4.22.2 want: ~0.19.0
838 silly placeDep ROOT serve-static@1.16.3 OK for: express@4.22.2 want: ~1.16.2
839 silly placeDep ROOT setprototypeof@1.2.0 OK for: express@4.22.2 want: 1.2.0
840 silly placeDep ROOT statuses@2.0.2 OK for: express@4.22.2 want: ~2.0.1
841 silly placeDep ROOT type-is@1.6.18 OK for: express@4.22.2 want: ~1.6.18
842 silly placeDep ROOT utils-merge@1.0.1 OK for: express@4.22.2 want: 1.0.1
843 silly fetch manifest negotiator@0.6.3
844 silly packumentCache full:https://registry.npmjs.org/negotiator cache-miss
845 silly fetch manifest bytes@~3.1.2
846 silly packumentCache full:https://registry.npmjs.org/bytes cache-miss
847 silly fetch manifest unpipe@~1.0.0
848 silly packumentCache full:https://registry.npmjs.org/unpipe cache-miss
849 silly fetch manifest destroy@~1.2.0
850 silly packumentCache full:https://registry.npmjs.org/destroy cache-miss
851 silly fetch manifest raw-body@~2.5.3
852 silly packumentCache full:https://registry.npmjs.org/raw-body cache-miss
853 silly fetch manifest iconv-lite@~0.4.24
854 silly packumentCache full:https://registry.npmjs.org/iconv-lite cache-miss
855 silly fetch manifest http-errors@~2.0.1
856 silly packumentCache full:https://registry.npmjs.org/http-errors cache-miss
857 http cache https://registry.npmjs.org/http-errors 2ms (cache hit)
858 silly packumentCache full:https://registry.npmjs.org/http-errors set size:71987 disposed:false
859 silly fetch manifest content-type@~1.0.5
860 silly packumentCache full:https://registry.npmjs.org/content-type cache-miss
861 http cache https://registry.npmjs.org/content-type 1ms (cache hit)
862 silly packumentCache full:https://registry.npmjs.org/content-type set size:18994 disposed:false
863 silly fetch manifest ms@2.0.0
864 silly packumentCache full:https://registry.npmjs.org/ms cache-miss
865 http fetch GET 200 https://registry.npmjs.org/unpipe 21ms (cache miss)
866 silly packumentCache full:https://registry.npmjs.org/unpipe set size:undefined disposed:false
867 silly fetch manifest statuses@~2.0.2
868 silly packumentCache full:https://registry.npmjs.org/statuses cache-miss
869 http cache https://registry.npmjs.org/statuses 1ms (cache hit)
870 silly packumentCache full:https://registry.npmjs.org/statuses set size:37117 disposed:false
871 silly fetch manifest setprototypeof@~1.2.0
872 silly packumentCache full:https://registry.npmjs.org/setprototypeof cache-miss
873 http fetch GET 200 https://registry.npmjs.org/destroy 24ms (cache miss)
874 silly packumentCache full:https://registry.npmjs.org/destroy set size:undefined disposed:false
875 silly fetch manifest toidentifier@~1.0.1
876 silly packumentCache full:https://registry.npmjs.org/toidentifier cache-miss
877 http cache https://registry.npmjs.org/setprototypeof 2ms (cache hit)
878 silly packumentCache full:https://registry.npmjs.org/setprototypeof set size:14532 disposed:false
879 silly fetch manifest ee-first@1.1.1
880 silly packumentCache full:https://registry.npmjs.org/ee-first cache-miss
881 http fetch GET 200 https://registry.npmjs.org/bytes 26ms (cache miss)
882 silly packumentCache full:https://registry.npmjs.org/bytes set size:undefined disposed:false
883 silly fetch manifest forwarded@0.2.0
884 silly packumentCache full:https://registry.npmjs.org/forwarded cache-miss
885 http fetch GET 200 https://registry.npmjs.org/raw-body 29ms (cache miss)
886 silly packumentCache full:https://registry.npmjs.org/raw-body set size:undefined disposed:false
887 silly fetch manifest ipaddr.js@1.9.1
888 silly packumentCache full:https://registry.npmjs.org/ipaddr.js cache-miss
889 http fetch GET 200 https://registry.npmjs.org/iconv-lite 29ms (cache miss)
890 silly packumentCache full:https://registry.npmjs.org/iconv-lite set size:undefined disposed:false
891 silly fetch manifest mime@1.6.0
892 silly packumentCache full:https://registry.npmjs.org/mime cache-miss
893 http fetch GET 200 https://registry.npmjs.org/negotiator 31ms (cache miss)
894 silly packumentCache full:https://registry.npmjs.org/negotiator set size:undefined disposed:false
895 silly fetch manifest destroy@1.2.0
896 silly packumentCache full:https://registry.npmjs.org/destroy cache-miss
897 http fetch GET 200 https://registry.npmjs.org/ms 28ms (cache miss)
898 silly packumentCache full:https://registry.npmjs.org/ms set size:undefined disposed:false
899 silly fetch manifest media-typer@0.3.0
900 silly packumentCache full:https://registry.npmjs.org/media-typer cache-miss
901 http cache https://registry.npmjs.org/destroy 1ms (cache hit)
902 silly packumentCache full:https://registry.npmjs.org/destroy set size:15738 disposed:false
903 http cache https://registry.npmjs.org/mime 3ms (cache hit)
904 silly packumentCache full:https://registry.npmjs.org/mime set size:119236 disposed:false
905 http fetch GET 200 https://registry.npmjs.org/toidentifier 21ms (cache miss)
906 silly packumentCache full:https://registry.npmjs.org/toidentifier set size:undefined disposed:false
907 http fetch GET 200 https://registry.npmjs.org/ee-first 23ms (cache miss)
908 silly packumentCache full:https://registry.npmjs.org/ee-first set size:undefined disposed:false
909 http fetch GET 200 https://registry.npmjs.org/forwarded 22ms (cache miss)
910 silly packumentCache full:https://registry.npmjs.org/forwarded set size:undefined disposed:false
911 http fetch GET 200 https://registry.npmjs.org/media-typer 22ms (cache miss)
912 silly packumentCache full:https://registry.npmjs.org/media-typer set size:undefined disposed:false
913 http fetch GET 200 https://registry.npmjs.org/ipaddr.js 24ms (cache miss)
914 silly packumentCache full:https://registry.npmjs.org/ipaddr.js set size:undefined disposed:false
915 silly placeDep ROOT negotiator@0.6.3 OK for: accepts@1.3.8 want: 0.6.3
916 silly placeDep ROOT bytes@3.1.2 OK for: body-parser@1.20.6 want: ~3.1.2
917 silly placeDep node_modules/body-parser debug@2.6.9 OK for: body-parser@1.20.6 want: 2.6.9
918 silly placeDep ROOT destroy@1.2.0 OK for: body-parser@1.20.6 want: ~1.2.0
919 silly placeDep ROOT iconv-lite@0.4.24 OK for: body-parser@1.20.6 want: ~0.4.24
920 silly placeDep ROOT raw-body@2.5.3 OK for: body-parser@1.20.6 want: ~2.5.3
921 silly placeDep ROOT unpipe@1.0.0 OK for: body-parser@1.20.6 want: ~1.0.0
922 silly fetch manifest safer-buffer@>= 2.1.2 < 3
923 silly packumentCache full:https://registry.npmjs.org/safer-buffer cache-miss
924 http fetch GET 200 https://registry.npmjs.org/safer-buffer 24ms (cache miss)
925 silly packumentCache full:https://registry.npmjs.org/safer-buffer set size:undefined disposed:false
926 silly placeDep node_modules/finalhandler debug@2.6.9 OK for: finalhandler@1.3.2 want: 2.6.9
927 silly fetch manifest encoding@^0.1.0
928 silly packumentCache full:https://registry.npmjs.org/encoding cache-miss
929 http fetch GET 200 https://registry.npmjs.org/encoding 21ms (cache miss)
930 silly packumentCache full:https://registry.npmjs.org/encoding set size:undefined disposed:false
931 silly placeDep ROOT https-proxy-agent@5.0.1 OK for: gaxios@5.1.3 want: ^5.0.0
932 silly placeDep ROOT is-stream@2.0.1 OK for: gaxios@5.1.3 want: ^2.0.0
933 silly placeDep ROOT node-fetch@2.7.0 OK for: gaxios@5.1.3 want: ^2.6.9
934 silly fetch manifest agent-base@6
935 silly packumentCache full:https://registry.npmjs.org/agent-base cache-miss
936 silly fetch manifest whatwg-url@^5.0.0
937 silly packumentCache full:https://registry.npmjs.org/whatwg-url cache-miss
938 http fetch GET 200 https://registry.npmjs.org/agent-base 29ms (cache miss)
939 silly packumentCache full:https://registry.npmjs.org/agent-base set size:undefined disposed:false
940 http fetch GET 200 https://registry.npmjs.org/whatwg-url 29ms (cache miss)
941 silly packumentCache full:https://registry.npmjs.org/whatwg-url set size:undefined disposed:false
942 silly placeDep ROOT base64-js@1.5.1 OK for: google-auth-library@8.9.0 want: ^1.3.0
943 silly placeDep ROOT ecdsa-sig-formatter@1.0.11 OK for: google-auth-library@8.9.0 want: ^1.0.11
944 silly placeDep ROOT fast-text-encoding@1.0.6 OK for: google-auth-library@8.9.0 want: ^1.0.0
945 silly placeDep ROOT gcp-metadata@5.3.0 OK for: google-auth-library@8.9.0 want: ^5.3.0
946 silly placeDep ROOT gtoken@6.1.2 OK for: google-auth-library@8.9.0 want: ^6.1.0
947 silly placeDep ROOT jws@4.0.1 OK for: google-auth-library@8.9.0 want: ^4.0.0
948 silly placeDep node_modules/google-auth-library lru-cache@6.0.0 OK for: google-auth-library@8.9.0 want: ^6.0.0
949 silly fetch manifest json-bigint@^1.0.0
950 silly packumentCache full:https://registry.npmjs.org/json-bigint cache-miss
951 silly fetch manifest google-p12-pem@^4.0.0
952 silly packumentCache full:https://registry.npmjs.org/google-p12-pem cache-miss
953 silly fetch manifest jwa@^2.0.1
954 silly packumentCache full:https://registry.npmjs.org/jwa cache-miss
955 silly fetch manifest yallist@^4.0.0
956 silly packumentCache full:https://registry.npmjs.org/yallist cache-miss
957 http fetch GET 200 https://registry.npmjs.org/json-bigint 24ms (cache miss)
958 silly packumentCache full:https://registry.npmjs.org/json-bigint set size:undefined disposed:false
959 http fetch GET 200 https://registry.npmjs.org/jwa 24ms (cache miss)
960 silly packumentCache full:https://registry.npmjs.org/jwa set size:undefined disposed:false
961 http fetch GET 200 https://registry.npmjs.org/yallist 24ms (cache miss)
962 silly packumentCache full:https://registry.npmjs.org/yallist set size:undefined disposed:false
963 http fetch GET 200 https://registry.npmjs.org/google-p12-pem 26ms (cache miss)
964 silly packumentCache full:https://registry.npmjs.org/google-p12-pem set size:undefined disposed:false
965 silly placeDep ROOT json-bigint@1.0.0 OK for: gcp-metadata@5.3.0 want: ^1.0.0
966 silly fetch manifest bignumber.js@^9.0.0
967 silly packumentCache full:https://registry.npmjs.org/bignumber.js cache-miss
968 http fetch GET 200 https://registry.npmjs.org/bignumber.js 25ms (cache miss)
969 silly packumentCache full:https://registry.npmjs.org/bignumber.js set size:undefined disposed:false
970 silly placeDep ROOT @grpc/grpc-js@1.8.22 OK for: google-gax@3.6.1 want: ~1.8.0
971 silly placeDep ROOT @grpc/proto-loader@0.7.15 OK for: google-gax@3.6.1 want: ^0.7.0
972 silly placeDep ROOT @types/long@4.0.2 OK for: google-gax@3.6.1 want: ^4.0.0
973 silly placeDep ROOT @types/rimraf@3.0.2 OK for: google-gax@3.6.1 want: ^3.0.2
974 silly placeDep ROOT is-stream-ended@0.1.4 OK for: google-gax@3.6.1 want: ^0.1.4
975 silly placeDep ROOT object-hash@3.0.0 OK for: google-gax@3.6.1 want: ^3.0.0
976 silly placeDep ROOT proto3-json-serializer@1.1.1 OK for: google-gax@3.6.1 want: ^1.0.0
977 silly placeDep node_modules/google-gax protobufjs@7.2.4 OK for: google-gax@3.6.1 want: 7.2.4
978 silly placeDep ROOT protobufjs-cli@1.1.1 OK for: google-gax@3.6.1 want: 1.1.1
979 silly fetch manifest long@^5.0.0
980 silly packumentCache full:https://registry.npmjs.org/long cache-miss
981 silly fetch manifest yargs@^17.7.2
982 silly packumentCache full:https://registry.npmjs.org/yargs cache-miss
983 silly fetch manifest lodash.camelcase@^4.3.0
984 silly packumentCache full:https://registry.npmjs.org/lodash.camelcase cache-miss
985 silly fetch manifest @types/glob@*
986 silly packumentCache full:https://registry.npmjs.org/@types%2fglob cache-miss
987 silly fetch manifest long@^5.0.0
988 silly packumentCache full:https://registry.npmjs.org/long cache-miss
989 silly fetch manifest @protobufjs/utf8@^1.1.0
990 silly packumentCache full:https://registry.npmjs.org/@protobufjs%2futf8 cache-miss
991 silly fetch manifest @protobufjs/fetch@^1.1.0
992 silly packumentCache full:https://registry.npmjs.org/@protobufjs%2ffetch cache-miss
993 http cache https://registry.npmjs.org/long 3ms (cache hit)
994 silly packumentCache full:https://registry.npmjs.org/long set size:80704 disposed:false
995 silly fetch manifest @protobufjs/codegen@^2.0.4
996 silly packumentCache full:https://registry.npmjs.org/@protobufjs%2fcodegen cache-miss
997 http cache https://registry.npmjs.org/@protobufjs%2ffetch 2ms (cache hit)
998 silly packumentCache full:https://registry.npmjs.org/@protobufjs%2ffetch set size:12023 disposed:false
999 silly fetch manifest @protobufjs/inquire@^1.1.0
1000 silly packumentCache full:https://registry.npmjs.org/@protobufjs%2finquire cache-miss
1001 http cache https://registry.npmjs.org/@protobufjs%2futf8 3ms (cache hit)
1002 silly packumentCache full:https://registry.npmjs.org/@protobufjs%2futf8 set size:17318 disposed:false
1003 silly fetch manifest @protobufjs/eventemitter@^1.1.0
1004 silly packumentCache full:https://registry.npmjs.org/@protobufjs%2feventemitter cache-miss
1005 http cache https://registry.npmjs.org/long 3ms (cache hit)
1006 silly packumentCache full:https://registry.npmjs.org/long set size:80704 disposed:false
1007 silly packumentCache full:https://registry.npmjs.org/long dispose
1008 silly fetch manifest tmp@^0.2.1
1009 silly packumentCache full:https://registry.npmjs.org/tmp cache-miss
1010 http cache https://registry.npmjs.org/@protobufjs%2fcodegen 2ms (cache hit)
1011 silly packumentCache full:https://registry.npmjs.org/@protobufjs%2fcodegen set size:23820 disposed:false
1012 silly fetch manifest glob@^8.0.0
1013 silly packumentCache full:https://registry.npmjs.org/glob cache-miss
1014 http cache https://registry.npmjs.org/@protobufjs%2feventemitter 2ms (cache hit)
1015 silly packumentCache full:https://registry.npmjs.org/@protobufjs%2feventemitter set size:13173 disposed:false
1016 silly fetch manifest jsdoc@^4.0.0
1017 silly packumentCache full:https://registry.npmjs.org/jsdoc cache-miss
1018 http fetch GET 200 https://registry.npmjs.org/tmp 25ms (cache miss)
1019 silly packumentCache full:https://registry.npmjs.org/tmp set size:undefined disposed:false
1020 silly fetch manifest espree@^9.0.0
1021 silly packumentCache full:https://registry.npmjs.org/espree cache-miss
1022 http fetch GET 200 https://registry.npmjs.org/lodash.camelcase 31ms (cache miss)
1023 silly packumentCache full:https://registry.npmjs.org/lodash.camelcase set size:undefined disposed:false
1024 silly fetch manifest semver@^7.1.2
1025 silly packumentCache full:https://registry.npmjs.org/semver cache-miss
1026 http fetch GET 200 https://registry.npmjs.org/jsdoc 27ms (cache miss)
1027 silly packumentCache full:https://registry.npmjs.org/jsdoc set size:undefined disposed:false
1028 silly fetch manifest escodegen@^1.13.0
1029 silly packumentCache full:https://registry.npmjs.org/escodegen cache-miss
1030 http fetch GET 200 https://registry.npmjs.org/@types%2fglob 33ms (cache miss)
1031 silly packumentCache full:https://registry.npmjs.org/@types%2fglob set size:undefined disposed:false
1032 silly fetch manifest uglify-js@^3.7.7
1033 silly packumentCache full:https://registry.npmjs.org/uglify-js cache-miss
1034 http cache https://registry.npmjs.org/semver 3ms (cache hit)
1035 silly packumentCache full:https://registry.npmjs.org/semver set size:246069 disposed:false
1036 http fetch GET 200 https://registry.npmjs.org/@protobufjs%2finquire 36ms (cache miss)
1037 silly packumentCache full:https://registry.npmjs.org/@protobufjs%2finquire set size:undefined disposed:false
1038 http fetch GET 200 https://registry.npmjs.org/yargs 40ms (cache miss)
1039 silly packumentCache full:https://registry.npmjs.org/yargs set size:undefined disposed:false
1040 http fetch GET 200 https://registry.npmjs.org/glob 37ms (cache miss)
1041 silly packumentCache full:https://registry.npmjs.org/glob set size:undefined disposed:false
1042 http fetch GET 200 https://registry.npmjs.org/escodegen 25ms (cache miss)
1043 silly packumentCache full:https://registry.npmjs.org/escodegen set size:undefined disposed:false
1044 http fetch GET 200 https://registry.npmjs.org/espree 34ms (cache miss)
1045 silly packumentCache full:https://registry.npmjs.org/espree set size:undefined disposed:false
1046 http fetch GET 200 https://registry.npmjs.org/uglify-js 39ms (cache miss)
1047 silly packumentCache full:https://registry.npmjs.org/uglify-js set size:undefined disposed:false
1048 silly placeDep ROOT lodash.camelcase@4.3.0 OK for: @grpc/proto-loader@0.7.15 want: ^4.3.0
1049 silly placeDep ROOT long@5.3.2 OK for: @grpc/proto-loader@0.7.15 want: ^5.0.0
1050 silly placeDep ROOT yargs@17.7.3 OK for: @grpc/proto-loader@0.7.15 want: ^17.7.2
1051 silly fetch manifest cliui@^8.0.1
1052 silly packumentCache full:https://registry.npmjs.org/cliui cache-miss
1053 silly fetch manifest get-caller-file@^2.0.5
1054 silly packumentCache full:https://registry.npmjs.org/get-caller-file cache-miss
1055 silly fetch manifest require-directory@^2.1.1
1056 silly packumentCache full:https://registry.npmjs.org/require-directory cache-miss
1057 silly fetch manifest string-width@^4.2.3
1058 silly packumentCache full:https://registry.npmjs.org/string-width cache-miss
1059 silly fetch manifest y18n@^5.0.5
1060 silly packumentCache full:https://registry.npmjs.org/y18n cache-miss
1061 silly fetch manifest yargs-parser@^21.1.1
1062 silly packumentCache full:https://registry.npmjs.org/yargs-parser cache-miss
1063 http fetch GET 200 https://registry.npmjs.org/cliui 25ms (cache miss)
1064 silly packumentCache full:https://registry.npmjs.org/cliui set size:undefined disposed:false
1065 http fetch GET 200 https://registry.npmjs.org/require-directory 26ms (cache miss)
1066 silly packumentCache full:https://registry.npmjs.org/require-directory set size:undefined disposed:false
1067 http fetch GET 200 https://registry.npmjs.org/get-caller-file 26ms (cache miss)
1068 silly packumentCache full:https://registry.npmjs.org/get-caller-file set size:undefined disposed:false
1069 http fetch GET 200 https://registry.npmjs.org/y18n 30ms (cache miss)
1070 silly packumentCache full:https://registry.npmjs.org/y18n set size:undefined disposed:false
1071 http fetch GET 200 https://registry.npmjs.org/string-width 32ms (cache miss)
1072 silly packumentCache full:https://registry.npmjs.org/string-width set size:undefined disposed:false
1073 http fetch GET 200 https://registry.npmjs.org/yargs-parser 34ms (cache miss)
1074 silly packumentCache full:https://registry.npmjs.org/yargs-parser set size:undefined disposed:false
1075 silly placeDep ROOT @types/glob@8.1.0 OK for: @types/rimraf@3.0.2 want: *
1076 silly fetch manifest @types/minimatch@^5.1.2
1077 silly packumentCache full:https://registry.npmjs.org/@types%2fminimatch cache-miss
1078 http fetch GET 200 https://registry.npmjs.org/@types%2fminimatch 27ms (cache miss)
1079 silly packumentCache full:https://registry.npmjs.org/@types%2fminimatch set size:undefined disposed:false
1080 silly placeDep ROOT @types/minimatch@5.1.2 OK for: @types/glob@8.1.0 want: ^5.1.2
1081 silly placeDep ROOT google-p12-pem@4.0.1 OK for: gtoken@6.1.2 want: ^4.0.0
1082 silly placeDep ROOT toidentifier@1.0.1 OK for: http-errors@2.0.1 want: ~1.0.1
1083 silly placeDep ROOT agent-base@6.0.2 OK for: https-proxy-agent@5.0.1 want: 6
1084 silly placeDep ROOT safer-buffer@2.1.2 OK for: iconv-lite@0.4.24 want: >= 2.1.2 < 3
1085 silly placeDep ROOT bignumber.js@9.3.1 OK for: json-bigint@1.0.0 want: ^9.0.0
1086 silly placeDep ROOT lodash.includes@4.3.0 OK for: jsonwebtoken@9.0.3 want: ^4.3.0
1087 silly placeDep ROOT lodash.isboolean@3.0.3 OK for: jsonwebtoken@9.0.3 want: ^3.0.3
1088 silly placeDep ROOT lodash.isinteger@4.0.4 OK for: jsonwebtoken@9.0.3 want: ^4.0.4
1089 silly placeDep ROOT lodash.isnumber@3.0.3 OK for: jsonwebtoken@9.0.3 want: ^3.0.3
1090 silly placeDep ROOT lodash.isplainobject@4.0.6 OK for: jsonwebtoken@9.0.3 want: ^4.0.6
1091 silly placeDep ROOT lodash.isstring@4.0.1 OK for: jsonwebtoken@9.0.3 want: ^4.0.1
1092 silly placeDep ROOT lodash.once@4.1.1 OK for: jsonwebtoken@9.0.3 want: ^4.0.0
1093 silly placeDep node_modules/jsonwebtoken semver@7.8.5 OK for: jsonwebtoken@9.0.3 want: ^7.5.4
1094 silly placeDep ROOT @types/jsonwebtoken@9.0.10 OK for: jwks-rsa@3.2.2 want: ^9.0.4
1095 silly placeDep ROOT jose@4.15.9 OK for: jwks-rsa@3.2.2 want: ^4.15.4
1096 silly placeDep ROOT limiter@1.1.5 OK for: jwks-rsa@3.2.2 want: ^1.1.5
1097 silly placeDep ROOT lru-memoizer@2.3.0 OK for: jwks-rsa@3.2.2 want: ^2.2.0
1098 silly fetch manifest @types/ms@*
1099 silly packumentCache full:https://registry.npmjs.org/@types%2fms cache-miss
1100 silly fetch manifest lru-cache@6.0.0
1101 silly packumentCache full:https://registry.npmjs.org/lru-cache cache-hit
1102 silly fetch manifest lodash.clonedeep@^4.5.0
1103 silly packumentCache full:https://registry.npmjs.org/lodash.clonedeep cache-miss
1104 http fetch GET 200 https://registry.npmjs.org/lodash.clonedeep 23ms (cache miss)
1105 silly packumentCache full:https://registry.npmjs.org/lodash.clonedeep set size:undefined disposed:false
1106 http fetch GET 200 https://registry.npmjs.org/@types%2fms 28ms (cache miss)
1107 silly packumentCache full:https://registry.npmjs.org/@types%2fms set size:undefined disposed:false
1108 silly placeDep ROOT @types/ms@2.1.0 OK for: @types/jsonwebtoken@9.0.10 want: *
1109 silly placeDep ROOT jwa@2.0.1 OK for: jws@4.0.1 want: ^2.0.1
1110 silly fetch manifest buffer-equal-constant-time@^1.0.1
1111 silly packumentCache full:https://registry.npmjs.org/buffer-equal-constant-time cache-miss
1112 http fetch GET 200 https://registry.npmjs.org/buffer-equal-constant-time 21ms (cache miss)
1113 silly packumentCache full:https://registry.npmjs.org/buffer-equal-constant-time set size:undefined disposed:false
1114 silly placeDep ROOT buffer-equal-constant-time@1.0.1 OK for: jwa@2.0.1 want: ^1.0.1
1115 silly placeDep ROOT lodash.clonedeep@4.5.0 OK for: lru-memoizer@2.3.0 want: ^4.5.0
1116 silly placeDep node_modules/lru-memoizer lru-cache@6.0.0 OK for: lru-memoizer@2.3.0 want: 6.0.0
1117 silly placeDep node_modules/mime-types mime-db@1.52.0 OK for: mime-types@2.1.35 want: 1.52.0
1118 silly fetch manifest sharp@^0.34.5
1119 silly packumentCache full:https://registry.npmjs.org/sharp cache-miss
1120 http cache https://registry.npmjs.org/sharp 1ms (cache hit)
1121 silly packumentCache full:https://registry.npmjs.org/sharp set size:1201295 disposed:false
1122 silly placeDep node_modules/next sharp@0.34.5 OK for: next@16.2.10 want: ^0.34.5
1123 silly fetch manifest semver@^7.7.3
1124 silly packumentCache full:https://registry.npmjs.org/semver cache-hit
1125 silly fetch manifest @img/colour@^1.0.0
1126 silly packumentCache full:https://registry.npmjs.org/@img%2fcolour cache-miss
1127 silly fetch manifest @img/sharp-wasm32@0.34.5
1128 silly packumentCache full:https://registry.npmjs.org/@img%2fsharp-wasm32 cache-miss
1129 silly fetch manifest @img/sharp-linux-arm@0.34.5
1130 silly packumentCache full:https://registry.npmjs.org/@img%2fsharp-linux-arm cache-miss
1131 silly fetch manifest @img/sharp-linux-x64@0.34.5
1132 silly packumentCache full:https://registry.npmjs.org/@img%2fsharp-linux-x64 cache-miss
1133 silly fetch manifest @img/sharp-win32-x64@0.34.5
1134 silly packumentCache full:https://registry.npmjs.org/@img%2fsharp-win32-x64 cache-miss
1135 silly fetch manifest @img/sharp-darwin-x64@0.34.5
1136 silly packumentCache full:https://registry.npmjs.org/@img%2fsharp-darwin-x64 cache-miss
1137 silly fetch manifest @img/sharp-win32-ia32@0.34.5
1138 silly packumentCache full:https://registry.npmjs.org/@img%2fsharp-win32-ia32 cache-miss
1139 http cache https://registry.npmjs.org/@img%2fsharp-win32-x64 2ms (cache hit)
1140 silly packumentCache full:https://registry.npmjs.org/@img%2fsharp-win32-x64 set size:103513 disposed:false
1141 silly fetch manifest @img/sharp-linux-arm64@0.34.5
1142 silly packumentCache full:https://registry.npmjs.org/@img%2fsharp-linux-arm64 cache-miss
1143 http cache https://registry.npmjs.org/@img%2fsharp-linux-x64 3ms (cache hit)
1144 silly packumentCache full:https://registry.npmjs.org/@img%2fsharp-linux-x64 set size:102218 disposed:false
1145 silly fetch manifest @img/sharp-linux-ppc64@0.34.5
1146 silly packumentCache full:https://registry.npmjs.org/@img%2fsharp-linux-ppc64 cache-miss
1147 http cache https://registry.npmjs.org/@img%2fsharp-wasm32 3ms (cache hit)
1148 silly packumentCache full:https://registry.npmjs.org/@img%2fsharp-wasm32 set size:99309 disposed:false
1149 silly fetch manifest @img/sharp-linux-s390x@0.34.5
1150 silly packumentCache full:https://registry.npmjs.org/@img%2fsharp-linux-s390x cache-miss
1151 http cache https://registry.npmjs.org/@img%2fsharp-win32-ia32 3ms (cache hit)
1152 silly packumentCache full:https://registry.npmjs.org/@img%2fsharp-win32-ia32 set size:104482 disposed:false
1153 silly fetch manifest @img/sharp-win32-arm64@0.34.5
1154 silly packumentCache full:https://registry.npmjs.org/@img%2fsharp-win32-arm64 cache-miss
1155 http cache https://registry.npmjs.org/@img%2fsharp-linux-arm 5ms (cache hit)
1156 silly packumentCache full:https://registry.npmjs.org/@img%2fsharp-linux-arm set size:102715 disposed:false
1157 silly fetch manifest @img/sharp-darwin-arm64@0.34.5
1158 silly packumentCache full:https://registry.npmjs.org/@img%2fsharp-darwin-arm64 cache-miss
1159 http cache https://registry.npmjs.org/@img%2fsharp-darwin-x64 5ms (cache hit)
1160 silly packumentCache full:https://registry.npmjs.org/@img%2fsharp-darwin-x64 set size:104467 disposed:false
1161 silly fetch manifest @img/sharp-linux-riscv64@0.34.5
1162 silly packumentCache full:https://registry.npmjs.org/@img%2fsharp-linux-riscv64 cache-miss
1163 http cache https://registry.npmjs.org/@img%2fsharp-linux-arm64 3ms (cache hit)
1164 silly packumentCache full:https://registry.npmjs.org/@img%2fsharp-linux-arm64 set size:103552 disposed:false
1165 silly fetch manifest @img/sharp-linuxmusl-x64@0.34.5
1166 silly packumentCache full:https://registry.npmjs.org/@img%2fsharp-linuxmusl-x64 cache-miss
1167 http cache https://registry.npmjs.org/@img%2fsharp-darwin-arm64 2ms (cache hit)
1168 silly packumentCache full:https://registry.npmjs.org/@img%2fsharp-darwin-arm64 set size:105848 disposed:false
1169 silly fetch manifest @img/sharp-linuxmusl-arm64@0.34.5
1170 silly packumentCache full:https://registry.npmjs.org/@img%2fsharp-linuxmusl-arm64 cache-miss
1171 http cache https://registry.npmjs.org/@img%2fsharp-linux-s390x 3ms (cache hit)
1172 silly packumentCache full:https://registry.npmjs.org/@img%2fsharp-linux-s390x set size:101430 disposed:false
1173 silly fetch manifest @img/sharp-libvips-linux-arm@1.2.4
1174 silly packumentCache full:https://registry.npmjs.org/@img%2fsharp-libvips-linux-arm cache-miss
1175 http cache https://registry.npmjs.org/@img%2fsharp-linuxmusl-arm64 3ms (cache hit)
1176 silly packumentCache full:https://registry.npmjs.org/@img%2fsharp-linuxmusl-arm64 set size:105157 disposed:false
1177 silly fetch manifest @img/sharp-libvips-linux-x64@1.2.4
1178 silly packumentCache full:https://registry.npmjs.org/@img%2fsharp-libvips-linux-x64 cache-miss
1179 http cache https://registry.npmjs.org/@img%2fsharp-libvips-linux-arm 3ms (cache hit)
1180 silly packumentCache full:https://registry.npmjs.org/@img%2fsharp-libvips-linux-arm set size:90480 disposed:false
1181 silly fetch manifest @img/sharp-libvips-darwin-x64@1.2.4
1182 silly packumentCache full:https://registry.npmjs.org/@img%2fsharp-libvips-darwin-x64 cache-miss
1183 http cache https://registry.npmjs.org/@img%2fsharp-linuxmusl-x64 5ms (cache hit)
1184 silly packumentCache full:https://registry.npmjs.org/@img%2fsharp-linuxmusl-x64 set size:103818 disposed:false
1185 silly fetch manifest @img/sharp-libvips-linux-arm64@1.2.4
1186 silly packumentCache full:https://registry.npmjs.org/@img%2fsharp-libvips-linux-arm64 cache-miss
1187 http cache https://registry.npmjs.org/@img%2fsharp-libvips-darwin-x64 3ms (cache hit)
1188 silly packumentCache full:https://registry.npmjs.org/@img%2fsharp-libvips-darwin-x64 set size:83096 disposed:false
1189 silly fetch manifest @img/sharp-libvips-linux-ppc64@1.2.4
1190 silly packumentCache full:https://registry.npmjs.org/@img%2fsharp-libvips-linux-ppc64 cache-miss
1191 http cache https://registry.npmjs.org/@img%2fsharp-libvips-linux-x64 5ms (cache hit)
1192 silly packumentCache full:https://registry.npmjs.org/@img%2fsharp-libvips-linux-x64 set size:86327 disposed:false
1193 silly fetch manifest @img/sharp-libvips-linux-s390x@1.2.4
1194 silly packumentCache full:https://registry.npmjs.org/@img%2fsharp-libvips-linux-s390x cache-miss
1195 http cache https://registry.npmjs.org/@img%2fsharp-libvips-linux-arm64 4ms (cache hit)
1196 silly packumentCache full:https://registry.npmjs.org/@img%2fsharp-libvips-linux-arm64 set size:87554 disposed:false
1197 silly fetch manifest @img/sharp-libvips-darwin-arm64@1.2.4
1198 silly packumentCache full:https://registry.npmjs.org/@img%2fsharp-libvips-darwin-arm64 cache-miss
1199 http cache https://registry.npmjs.org/@img%2fsharp-libvips-darwin-arm64 1ms (cache hit)
1200 silly packumentCache full:https://registry.npmjs.org/@img%2fsharp-libvips-darwin-arm64 set size:83997 disposed:false
1201 silly fetch manifest @img/sharp-libvips-linux-riscv64@1.2.4
1202 silly packumentCache full:https://registry.npmjs.org/@img%2fsharp-libvips-linux-riscv64 cache-miss
1203 http cache https://registry.npmjs.org/@img%2fsharp-libvips-linux-s390x 2ms (cache hit)
1204 silly packumentCache full:https://registry.npmjs.org/@img%2fsharp-libvips-linux-s390x set size:81565 disposed:false
1205 silly fetch manifest @img/sharp-libvips-linuxmusl-x64@1.2.4
1206 silly packumentCache full:https://registry.npmjs.org/@img%2fsharp-libvips-linuxmusl-x64 cache-miss
1207 http cache https://registry.npmjs.org/@img%2fsharp-libvips-linuxmusl-x64 0ms (cache hit)
1208 silly packumentCache full:https://registry.npmjs.org/@img%2fsharp-libvips-linuxmusl-x64 set size:83650 disposed:false
1209 silly fetch manifest @img/sharp-libvips-linuxmusl-arm64@1.2.4
1210 silly packumentCache full:https://registry.npmjs.org/@img%2fsharp-libvips-linuxmusl-arm64 cache-miss
1211 http cache https://registry.npmjs.org/@img%2fsharp-libvips-linuxmusl-arm64 0ms (cache hit)
1212 silly packumentCache full:https://registry.npmjs.org/@img%2fsharp-libvips-linuxmusl-arm64 set size:86720 disposed:false
1213 http fetch GET 200 https://registry.npmjs.org/@img%2fcolour 31ms (cache miss)
1214 silly packumentCache full:https://registry.npmjs.org/@img%2fcolour set size:undefined disposed:false
1215 http fetch GET 200 https://registry.npmjs.org/@img%2fsharp-linux-riscv64 32ms (cache miss)
1216 silly packumentCache full:https://registry.npmjs.org/@img%2fsharp-linux-riscv64 set size:undefined disposed:false
1217 http fetch GET 200 https://registry.npmjs.org/@img%2fsharp-win32-arm64 34ms (cache miss)
1218 silly packumentCache full:https://registry.npmjs.org/@img%2fsharp-win32-arm64 set size:undefined disposed:false
1219 http fetch GET 200 https://registry.npmjs.org/@img%2fsharp-linux-ppc64 36ms (cache miss)
1220 silly packumentCache full:https://registry.npmjs.org/@img%2fsharp-linux-ppc64 set size:undefined disposed:false
1221 http fetch GET 200 https://registry.npmjs.org/@img%2fsharp-libvips-linux-ppc64 35ms (cache miss)
1222 silly packumentCache full:https://registry.npmjs.org/@img%2fsharp-libvips-linux-ppc64 set size:undefined disposed:false
1223 http fetch GET 200 https://registry.npmjs.org/@img%2fsharp-libvips-linux-riscv64 33ms (cache miss)
1224 silly packumentCache full:https://registry.npmjs.org/@img%2fsharp-libvips-linux-riscv64 set size:undefined disposed:false
1225 silly placeDep ROOT whatwg-url@5.0.0 OK for: node-fetch@2.7.0 want: ^5.0.0
1226 silly fetch manifest tr46@~0.0.3
1227 silly packumentCache full:https://registry.npmjs.org/tr46 cache-miss
1228 silly fetch manifest webidl-conversions@^3.0.0
1229 silly packumentCache full:https://registry.npmjs.org/webidl-conversions cache-miss
1230 http fetch GET 200 https://registry.npmjs.org/webidl-conversions 24ms (cache miss)
1231 silly packumentCache full:https://registry.npmjs.org/webidl-conversions set size:undefined disposed:false
1232 http fetch GET 200 https://registry.npmjs.org/tr46 25ms (cache miss)
1233 silly packumentCache full:https://registry.npmjs.org/tr46 set size:undefined disposed:false
1234 silly placeDep ROOT ee-first@1.1.1 OK for: on-finished@2.4.1 want: 1.1.1
1235 silly placeDep ROOT wrappy@1.0.2 OK for: once@1.4.0 want: 1
1236 silly placeDep ROOT @protobufjs/aspromise@1.1.2 OK for: protobufjs@7.6.5 want: ^1.1.2
1237 silly placeDep ROOT @protobufjs/base64@1.1.2 OK for: protobufjs@7.6.5 want: ^1.1.2
1238 silly placeDep ROOT @protobufjs/codegen@2.0.5 OK for: protobufjs@7.6.5 want: ^2.0.5
1239 silly placeDep ROOT @protobufjs/eventemitter@1.1.1 OK for: protobufjs@7.6.5 want: ^1.1.1
1240 silly placeDep ROOT @protobufjs/fetch@1.1.1 OK for: protobufjs@7.6.5 want: ^1.1.1
1241 silly placeDep ROOT @protobufjs/float@1.0.2 OK for: protobufjs@7.6.5 want: ^1.0.2
1242 silly placeDep ROOT @protobufjs/path@1.1.2 OK for: protobufjs@7.6.5 want: ^1.1.2
1243 silly placeDep ROOT @protobufjs/pool@1.1.0 OK for: protobufjs@7.6.5 want: ^1.1.0
1244 silly placeDep ROOT @protobufjs/utf8@1.1.2 OK for: protobufjs@7.6.5 want: ^1.1.1
1245 silly placeDep ROOT escodegen@1.14.3 OK for: protobufjs-cli@1.1.1 want: ^1.13.0
1246 silly placeDep node_modules/protobufjs-cli espree@9.6.1 OK for: protobufjs-cli@1.1.1 want: ^9.0.0
1247 silly placeDep ROOT glob@8.1.0 OK for: protobufjs-cli@1.1.1 want: ^8.0.0
1248 silly placeDep ROOT jsdoc@4.0.5 OK for: protobufjs-cli@1.1.1 want: ^4.0.0
1249 silly placeDep node_modules/protobufjs-cli semver@7.8.5 OK for: protobufjs-cli@1.1.1 want: ^7.1.2
1250 silly placeDep ROOT tmp@0.2.7 OK for: protobufjs-cli@1.1.1 want: ^0.2.1
1251 silly placeDep ROOT uglify-js@3.19.3 OK for: protobufjs-cli@1.1.1 want: ^3.7.7
1252 silly fetch manifest estraverse@^4.2.0
1253 silly packumentCache full:https://registry.npmjs.org/estraverse cache-miss
1254 silly fetch manifest esprima@^4.0.1
1255 silly packumentCache full:https://registry.npmjs.org/esprima cache-miss
1256 silly fetch manifest optionator@^0.8.1
1257 silly packumentCache full:https://registry.npmjs.org/optionator cache-miss
1258 silly fetch manifest source-map@~0.6.1
1259 silly packumentCache full:https://registry.npmjs.org/source-map cache-miss
1260 silly fetch manifest eslint-visitor-keys@^3.4.1
1261 silly packumentCache full:https://registry.npmjs.org/eslint-visitor-keys cache-miss
1262 silly fetch manifest inflight@^1.0.4
1263 silly packumentCache full:https://registry.npmjs.org/inflight cache-miss
1264 silly fetch manifest minimatch@^5.0.1
1265 silly packumentCache full:https://registry.npmjs.org/minimatch cache-miss
1266 http fetch GET 200 https://registry.npmjs.org/estraverse 23ms (cache miss)
1267 silly packumentCache full:https://registry.npmjs.org/estraverse set size:undefined disposed:false
1268 silly fetch manifest fs.realpath@^1.0.0
1269 silly packumentCache full:https://registry.npmjs.org/fs.realpath cache-miss
1270 http fetch GET 200 https://registry.npmjs.org/inflight 25ms (cache miss)
1271 silly packumentCache full:https://registry.npmjs.org/inflight set size:undefined disposed:false
1272 silly fetch manifest @jsdoc/salty@^0.2.1
1273 silly packumentCache full:https://registry.npmjs.org/@jsdoc%2fsalty cache-miss
1274 http fetch GET 200 https://registry.npmjs.org/eslint-visitor-keys 26ms (cache miss)
1275 silly packumentCache full:https://registry.npmjs.org/eslint-visitor-keys set size:undefined disposed:false
1276 silly fetch manifest @types/markdown-it@^14.1.1
1277 silly packumentCache full:https://registry.npmjs.org/@types%2fmarkdown-it cache-miss
1278 http fetch GET 200 https://registry.npmjs.org/optionator 28ms (cache miss)
1279 silly packumentCache full:https://registry.npmjs.org/optionator set size:undefined disposed:false
1280 silly fetch manifest bluebird@^3.7.2
1281 silly packumentCache full:https://registry.npmjs.org/bluebird cache-miss
1282 http fetch GET 200 https://registry.npmjs.org/esprima 28ms (cache miss)
1283 silly packumentCache full:https://registry.npmjs.org/esprima set size:undefined disposed:false
1284 silly fetch manifest catharsis@^0.9.0
1285 silly packumentCache full:https://registry.npmjs.org/catharsis cache-miss
1286 http fetch GET 200 https://registry.npmjs.org/source-map 31ms (cache miss)
1287 silly packumentCache full:https://registry.npmjs.org/source-map set size:undefined disposed:false
1288 silly fetch manifest escape-string-regexp@^2.0.0
1289 silly packumentCache full:https://registry.npmjs.org/escape-string-regexp cache-miss
1290 http fetch GET 200 https://registry.npmjs.org/minimatch 31ms (cache miss)
1291 silly packumentCache full:https://registry.npmjs.org/minimatch set size:undefined disposed:false
1292 silly fetch manifest js2xmlparser@^4.0.2
1293 silly packumentCache full:https://registry.npmjs.org/js2xmlparser cache-miss
1294 http fetch GET 200 https://registry.npmjs.org/fs.realpath 19ms (cache miss)
1295 silly packumentCache full:https://registry.npmjs.org/fs.realpath set size:undefined disposed:false
1296 silly fetch manifest klaw@^3.0.0
1297 silly packumentCache full:https://registry.npmjs.org/klaw cache-miss
1298 http fetch GET 200 https://registry.npmjs.org/catharsis 26ms (cache miss)
1299 silly packumentCache full:https://registry.npmjs.org/catharsis set size:undefined disposed:false
1300 silly fetch manifest markdown-it@^14.1.0
1301 silly packumentCache full:https://registry.npmjs.org/markdown-it cache-miss
1302 http fetch GET 200 https://registry.npmjs.org/@types%2fmarkdown-it 29ms (cache miss)
1303 silly packumentCache full:https://registry.npmjs.org/@types%2fmarkdown-it set size:undefined disposed:false
1304 silly fetch manifest markdown-it-anchor@^8.6.7
1305 silly packumentCache full:https://registry.npmjs.org/markdown-it-anchor cache-miss
1306 http fetch GET 200 https://registry.npmjs.org/js2xmlparser 23ms (cache miss)
1307 silly packumentCache full:https://registry.npmjs.org/js2xmlparser set size:undefined disposed:false
1308 silly fetch manifest marked@^4.0.10
1309 silly packumentCache full:https://registry.npmjs.org/marked cache-miss
1310 http fetch GET 200 https://registry.npmjs.org/bluebird 31ms (cache miss)
1311 silly packumentCache full:https://registry.npmjs.org/bluebird set size:undefined disposed:false
1312 silly fetch manifest mkdirp@^1.0.4
1313 silly packumentCache full:https://registry.npmjs.org/mkdirp cache-miss
1314 http fetch GET 200 https://registry.npmjs.org/@jsdoc%2fsalty 35ms (cache miss)
1315 silly packumentCache full:https://registry.npmjs.org/@jsdoc%2fsalty set size:undefined disposed:false
1316 silly fetch manifest requizzle@^0.2.3
1317 silly packumentCache full:https://registry.npmjs.org/requizzle cache-miss
1318 http fetch GET 200 https://registry.npmjs.org/klaw 24ms (cache miss)
1319 silly packumentCache full:https://registry.npmjs.org/klaw set size:undefined disposed:false
1320 silly fetch manifest underscore@~1.13.2
1321 silly packumentCache full:https://registry.npmjs.org/underscore cache-miss
1322 http fetch GET 200 https://registry.npmjs.org/markdown-it 25ms (cache miss)
1323 silly packumentCache full:https://registry.npmjs.org/markdown-it set size:undefined disposed:false
1324 http fetch GET 200 https://registry.npmjs.org/markdown-it-anchor 28ms (cache miss)
1325 silly packumentCache full:https://registry.npmjs.org/markdown-it-anchor set size:undefined disposed:false
1326 http fetch GET 200 https://registry.npmjs.org/requizzle 23ms (cache miss)
1327 silly packumentCache full:https://registry.npmjs.org/requizzle set size:undefined disposed:false
1328 http fetch GET 200 https://registry.npmjs.org/mkdirp 26ms (cache miss)
1329 silly packumentCache full:https://registry.npmjs.org/mkdirp set size:undefined disposed:false
1330 http fetch GET 200 https://registry.npmjs.org/marked 35ms (cache miss)
1331 silly packumentCache full:https://registry.npmjs.org/marked set size:undefined disposed:false
1332 http fetch GET 200 https://registry.npmjs.org/underscore 27ms (cache miss)
1333 silly packumentCache full:https://registry.npmjs.org/underscore set size:undefined disposed:false
1334 http fetch GET 200 https://registry.npmjs.org/escape-string-regexp 162ms (cache miss)
1335 silly packumentCache full:https://registry.npmjs.org/escape-string-regexp set size:undefined disposed:false
1336 silly placeDep ROOT esprima@4.0.1 OK for: escodegen@1.14.3 want: ^4.0.1
1337 silly placeDep node_modules/escodegen estraverse@4.3.0 OK for: escodegen@1.14.3 want: ^4.2.0
1338 silly placeDep node_modules/escodegen optionator@0.8.3 OK for: escodegen@1.14.3 want: ^0.8.1
1339 silly placeDep ROOT source-map@0.6.1 OK for: escodegen@1.14.3 want: ~0.6.1
1340 silly fetch manifest prelude-ls@~1.1.2
1341 silly packumentCache full:https://registry.npmjs.org/prelude-ls cache-miss
1342 silly fetch manifest type-check@~0.3.2
1343 silly packumentCache full:https://registry.npmjs.org/type-check cache-miss
1344 silly fetch manifest levn@~0.3.0
1345 silly packumentCache full:https://registry.npmjs.org/levn cache-miss
1346 http fetch GET 200 https://registry.npmjs.org/levn 22ms (cache miss)
1347 silly packumentCache full:https://registry.npmjs.org/levn set size:undefined disposed:false
1348 http fetch GET 200 https://registry.npmjs.org/prelude-ls 22ms (cache miss)
1349 silly packumentCache full:https://registry.npmjs.org/prelude-ls set size:undefined disposed:false
1350 http fetch GET 200 https://registry.npmjs.org/type-check 25ms (cache miss)
1351 silly packumentCache full:https://registry.npmjs.org/type-check set size:undefined disposed:false
1352 silly placeDep ROOT fs.realpath@1.0.0 OK for: glob@8.1.0 want: ^1.0.0
1353 silly placeDep ROOT inflight@1.0.6 OK for: glob@8.1.0 want: ^1.0.4
1354 silly placeDep node_modules/glob minimatch@5.1.9 OK for: glob@8.1.0 want: ^5.0.1
1355 silly fetch manifest brace-expansion@^2.0.1
1356 silly packumentCache full:https://registry.npmjs.org/brace-expansion cache-miss
1357 http fetch GET 200 https://registry.npmjs.org/brace-expansion 23ms (cache miss)
1358 silly packumentCache full:https://registry.npmjs.org/brace-expansion set size:undefined disposed:false
1359 silly placeDep ROOT @jsdoc/salty@0.2.12 OK for: jsdoc@4.0.5 want: ^0.2.1
1360 silly placeDep ROOT @types/markdown-it@14.1.2 OK for: jsdoc@4.0.5 want: ^14.1.1
1361 silly placeDep ROOT bluebird@3.7.2 OK for: jsdoc@4.0.5 want: ^3.7.2
1362 silly placeDep ROOT catharsis@0.9.0 OK for: jsdoc@4.0.5 want: ^0.9.0
1363 silly placeDep node_modules/jsdoc escape-string-regexp@2.0.0 OK for: jsdoc@4.0.5 want: ^2.0.0
1364 silly placeDep ROOT js2xmlparser@4.0.2 OK for: jsdoc@4.0.5 want: ^4.0.2
1365 silly placeDep ROOT klaw@3.0.0 OK for: jsdoc@4.0.5 want: ^3.0.0
1366 silly placeDep ROOT markdown-it@14.3.0 OK for: jsdoc@4.0.5 want: ^14.1.0
1367 silly placeDep ROOT markdown-it-anchor@8.6.7 OK for: jsdoc@4.0.5 want: ^8.6.7
1368 silly placeDep ROOT marked@4.3.0 OK for: jsdoc@4.0.5 want: ^4.0.10
1369 silly placeDep ROOT mkdirp@1.0.4 OK for: jsdoc@4.0.5 want: ^1.0.4
1370 silly placeDep ROOT requizzle@0.2.4 OK for: jsdoc@4.0.5 want: ^0.2.3
1371 silly placeDep ROOT underscore@1.13.8 OK for: jsdoc@4.0.5 want: ~1.13.2
1372 silly fetch manifest lodash@^4.18.1
1373 silly packumentCache full:https://registry.npmjs.org/lodash cache-miss
1374 silly fetch manifest @types/mdurl@^2
1375 silly packumentCache full:https://registry.npmjs.org/@types%2fmdurl cache-miss
1376 silly fetch manifest @types/linkify-it@^5
1377 silly packumentCache full:https://registry.npmjs.org/@types%2flinkify-it cache-miss
1378 silly fetch manifest lodash@^4.17.15
1379 silly packumentCache full:https://registry.npmjs.org/lodash cache-miss
1380 silly fetch manifest xmlcreate@^2.0.4
1381 silly packumentCache full:https://registry.npmjs.org/xmlcreate cache-miss
1382 silly fetch manifest entities@^4.5.0
1383 silly packumentCache full:https://registry.npmjs.org/entities cache-miss
1384 silly fetch manifest linkify-it@^5.0.2
1385 silly packumentCache full:https://registry.npmjs.org/linkify-it cache-miss
1386 http fetch GET 200 https://registry.npmjs.org/xmlcreate 23ms (cache miss)
1387 silly packumentCache full:https://registry.npmjs.org/xmlcreate set size:undefined disposed:false
1388 silly fetch manifest mdurl@^2.0.0
1389 silly packumentCache full:https://registry.npmjs.org/mdurl cache-miss
1390 http fetch GET 200 https://registry.npmjs.org/linkify-it 24ms (cache miss)
1391 silly packumentCache full:https://registry.npmjs.org/linkify-it set size:undefined disposed:false
1392 silly fetch manifest punycode.js@^2.3.1
1393 silly packumentCache full:https://registry.npmjs.org/punycode.js cache-miss
1394 http fetch GET 200 https://registry.npmjs.org/@types%2fmdurl 26ms (cache miss)
1395 silly packumentCache full:https://registry.npmjs.org/@types%2fmdurl set size:undefined disposed:false
1396 silly fetch manifest uc.micro@^2.1.0
1397 silly packumentCache full:https://registry.npmjs.org/uc.micro cache-miss
1398 http fetch GET 200 https://registry.npmjs.org/lodash 27ms (cache miss)
1399 silly packumentCache full:https://registry.npmjs.org/lodash set size:undefined disposed:false
1400 silly fetch manifest lodash@^4.17.21
1401 silly packumentCache full:https://registry.npmjs.org/lodash cache-miss
1402 http fetch GET 200 https://registry.npmjs.org/@types%2flinkify-it 30ms (cache miss)
1403 silly packumentCache full:https://registry.npmjs.org/@types%2flinkify-it set size:undefined disposed:false
1404 http cache https://registry.npmjs.org/lodash 1ms (cache hit)
1405 silly packumentCache full:https://registry.npmjs.org/lodash set size:247652 disposed:false
1406 http fetch GET 200 https://registry.npmjs.org/lodash 42ms (cache miss)
1407 silly packumentCache full:https://registry.npmjs.org/lodash set size:undefined disposed:false
1408 silly packumentCache full:https://registry.npmjs.org/lodash dispose
1409 http fetch GET 200 https://registry.npmjs.org/entities 43ms (cache miss)
1410 silly packumentCache full:https://registry.npmjs.org/entities set size:undefined disposed:false
1411 http fetch GET 200 https://registry.npmjs.org/punycode.js 21ms (cache miss)
1412 silly packumentCache full:https://registry.npmjs.org/punycode.js set size:undefined disposed:false
1413 http fetch GET 200 https://registry.npmjs.org/mdurl 22ms (cache miss)
1414 silly packumentCache full:https://registry.npmjs.org/mdurl set size:undefined disposed:false
1415 http fetch GET 200 https://registry.npmjs.org/uc.micro 29ms (cache miss)
1416 silly packumentCache full:https://registry.npmjs.org/uc.micro set size:undefined disposed:false
1417 silly placeDep ROOT lodash@4.18.1 OK for: @jsdoc/salty@0.2.12 want: ^4.18.1
1418 silly placeDep ROOT @types/linkify-it@5.0.0 OK for: @types/markdown-it@14.1.2 want: ^5
1419 silly placeDep ROOT @types/mdurl@2.0.0 OK for: @types/markdown-it@14.1.2 want: ^2
1420 silly placeDep ROOT xmlcreate@2.0.4 OK for: js2xmlparser@4.0.2 want: ^2.0.4
1421 silly placeDep ROOT entities@4.5.0 OK for: markdown-it@14.3.0 want: ^4.5.0
1422 silly placeDep ROOT linkify-it@5.0.2 OK for: markdown-it@14.3.0 want: ^5.0.2
1423 silly placeDep ROOT mdurl@2.1.0 OK for: markdown-it@14.3.0 want: ^2.0.0
1424 silly placeDep ROOT punycode.js@2.3.1 OK for: markdown-it@14.3.0 want: ^2.3.1
1425 silly placeDep ROOT uc.micro@2.1.0 OK for: markdown-it@14.3.0 want: ^2.1.0
1426 silly fetch manifest uc.micro@^2.0.0
1427 silly packumentCache full:https://registry.npmjs.org/uc.micro cache-miss
1428 http cache https://registry.npmjs.org/uc.micro 1ms (cache hit)
1429 silly packumentCache full:https://registry.npmjs.org/uc.micro set size:18730 disposed:false
1430 silly placeDep ROOT forwarded@0.2.0 OK for: proxy-addr@2.0.7 want: 0.2.0
1431 silly placeDep ROOT ipaddr.js@1.9.1 OK for: proxy-addr@2.0.7 want: 1.9.1
1432 silly placeDep ROOT string_decoder@1.3.0 OK for: readable-stream@3.6.2 want: ^1.1.1
1433 silly placeDep ROOT util-deprecate@1.0.2 OK for: readable-stream@3.6.2 want: ^1.0.1
1434 silly placeDep node_modules/send debug@2.6.9 OK for: send@0.19.2 want: 2.6.9
1435 silly placeDep node_modules/send mime@1.6.0 OK for: send@0.19.2 want: 1.6.0
1436 silly placeDep ROOT @img/sharp-darwin-arm64@0.33.5 OK for: sharp@0.33.5 want: 0.33.5
1437 silly placeDep ROOT @img/sharp-darwin-x64@0.33.5 OK for: sharp@0.33.5 want: 0.33.5
1438 silly placeDep ROOT @img/sharp-libvips-darwin-arm64@1.0.4 OK for: sharp@0.33.5 want: 1.0.4
1439 silly placeDep ROOT @img/sharp-libvips-darwin-x64@1.0.4 OK for: sharp@0.33.5 want: 1.0.4
1440 silly placeDep ROOT @img/sharp-libvips-linux-arm@1.0.5 OK for: sharp@0.33.5 want: 1.0.5
1441 silly placeDep ROOT @img/sharp-libvips-linux-arm64@1.0.4 OK for: sharp@0.33.5 want: 1.0.4
1442 silly placeDep ROOT @img/sharp-libvips-linux-s390x@1.0.4 OK for: sharp@0.33.5 want: 1.0.4
1443 silly placeDep ROOT @img/sharp-libvips-linux-x64@1.0.4 OK for: sharp@0.33.5 want: 1.0.4
1444 silly placeDep ROOT @img/sharp-libvips-linuxmusl-arm64@1.0.4 OK for: sharp@0.33.5 want: 1.0.4
1445 silly placeDep ROOT @img/sharp-libvips-linuxmusl-x64@1.0.4 OK for: sharp@0.33.5 want: 1.0.4
1446 silly placeDep ROOT @img/sharp-linux-arm@0.33.5 OK for: sharp@0.33.5 want: 0.33.5
1447 silly placeDep ROOT @img/sharp-linux-arm64@0.33.5 OK for: sharp@0.33.5 want: 0.33.5
1448 silly placeDep ROOT @img/sharp-linux-s390x@0.33.5 OK for: sharp@0.33.5 want: 0.33.5
1449 silly placeDep ROOT @img/sharp-linux-x64@0.33.5 OK for: sharp@0.33.5 want: 0.33.5
1450 silly placeDep ROOT @img/sharp-linuxmusl-arm64@0.33.5 OK for: sharp@0.33.5 want: 0.33.5
1451 silly placeDep ROOT @img/sharp-linuxmusl-x64@0.33.5 OK for: sharp@0.33.5 want: 0.33.5
1452 silly placeDep ROOT @img/sharp-wasm32@0.33.5 OK for: sharp@0.33.5 want: 0.33.5
1453 silly placeDep ROOT @img/sharp-win32-ia32@0.33.5 OK for: sharp@0.33.5 want: 0.33.5
1454 silly placeDep ROOT @img/sharp-win32-x64@0.33.5 OK for: sharp@0.33.5 want: 0.33.5
1455 silly placeDep ROOT color@4.2.3 OK for: sharp@0.33.5 want: ^4.2.3
1456 silly fetch manifest color-string@^1.9.0
1457 silly packumentCache full:https://registry.npmjs.org/color-string cache-miss
1458 http fetch GET 200 https://registry.npmjs.org/color-string 24ms (cache miss)
1459 silly packumentCache full:https://registry.npmjs.org/color-string set size:undefined disposed:false
1460 silly placeDep ROOT color-string@1.9.1 OK for: color@4.2.3 want: ^1.9.0
1461 silly fetch manifest simple-swizzle@^0.2.2
1462 silly packumentCache full:https://registry.npmjs.org/simple-swizzle cache-miss
1463 http fetch GET 200 https://registry.npmjs.org/simple-swizzle 24ms (cache miss)
1464 silly packumentCache full:https://registry.npmjs.org/simple-swizzle set size:undefined disposed:false
1465 silly placeDep ROOT simple-swizzle@0.2.4 OK for: color-string@1.9.1 want: ^0.2.2
1466 silly fetch manifest is-arrayish@^0.3.1
1467 silly packumentCache full:https://registry.npmjs.org/is-arrayish cache-miss
1468 http fetch GET 200 https://registry.npmjs.org/is-arrayish 23ms (cache miss)
1469 silly packumentCache full:https://registry.npmjs.org/is-arrayish set size:undefined disposed:false
1470 silly placeDep ROOT is-arrayish@0.3.4 OK for: simple-swizzle@0.2.4 want: ^0.3.1
1471 silly placeDep ROOT http-proxy-agent@5.0.0 OK for: teeny-request@8.0.3 want: ^5.0.0
1472 silly placeDep ROOT stream-events@1.0.5 OK for: teeny-request@8.0.3 want: ^1.0.5
1473 silly fetch manifest @tootallnate/once@2
1474 silly packumentCache full:https://registry.npmjs.org/@tootallnate%2fonce cache-miss
1475 silly fetch manifest stubs@^3.0.0
1476 silly packumentCache full:https://registry.npmjs.org/stubs cache-miss
1477 http fetch GET 200 https://registry.npmjs.org/stubs 21ms (cache miss)
1478 silly packumentCache full:https://registry.npmjs.org/stubs set size:undefined disposed:false
1479 http fetch GET 200 https://registry.npmjs.org/@tootallnate%2fonce 36ms (cache miss)
1480 silly packumentCache full:https://registry.npmjs.org/@tootallnate%2fonce set size:undefined disposed:false
1481 silly placeDep ROOT @tootallnate/once@2.0.1 OK for: http-proxy-agent@5.0.0 want: 2
1482 silly placeDep ROOT stubs@3.0.0 OK for: stream-events@1.0.5 want: ^3.0.0
1483 silly placeDep ROOT media-typer@0.3.0 OK for: type-is@1.6.18 want: 0.3.0
1484 silly placeDep ROOT http-parser-js@0.5.10 OK for: websocket-driver@0.7.5 want: >=0.5.1
1485 silly placeDep ROOT websocket-extensions@0.1.4 OK for: websocket-driver@0.7.5 want: >=0.1.1
1486 silly placeDep ROOT tr46@0.0.3 OK for: whatwg-url@5.0.0 want: ~0.0.3
1487 silly placeDep ROOT webidl-conversions@3.0.1 OK for: whatwg-url@5.0.0 want: ^3.0.0
1488 silly placeDep ROOT cliui@8.0.1 OK for: yargs@17.7.3 want: ^8.0.1
1489 silly placeDep ROOT get-caller-file@2.0.5 OK for: yargs@17.7.3 want: ^2.0.5
1490 silly placeDep ROOT require-directory@2.1.1 OK for: yargs@17.7.3 want: ^2.1.1
1491 silly placeDep ROOT string-width@4.2.3 OK for: yargs@17.7.3 want: ^4.2.3
1492 silly placeDep ROOT y18n@5.0.8 OK for: yargs@17.7.3 want: ^5.0.5
1493 silly placeDep ROOT yargs-parser@21.1.1 OK for: yargs@17.7.3 want: ^21.1.1
1494 silly fetch manifest wrap-ansi@^7.0.0
1495 silly packumentCache full:https://registry.npmjs.org/wrap-ansi cache-miss
1496 silly fetch manifest strip-ansi@^6.0.1
1497 silly packumentCache full:https://registry.npmjs.org/strip-ansi cache-miss
1498 silly fetch manifest string-width@^4.2.0
1499 silly packumentCache full:https://registry.npmjs.org/string-width cache-miss
1500 silly fetch manifest strip-ansi@^6.0.1
1501 silly packumentCache full:https://registry.npmjs.org/strip-ansi cache-miss
1502 silly fetch manifest emoji-regex@^8.0.0
1503 silly packumentCache full:https://registry.npmjs.org/emoji-regex cache-miss
1504 silly fetch manifest is-fullwidth-code-point@^3.0.0
1505 silly packumentCache full:https://registry.npmjs.org/is-fullwidth-code-point cache-miss
1506 http cache https://registry.npmjs.org/string-width 1ms (cache hit)
1507 silly packumentCache full:https://registry.npmjs.org/string-width set size:72458 disposed:false
1508 http fetch GET 200 https://registry.npmjs.org/is-fullwidth-code-point 23ms (cache miss)
1509 silly packumentCache full:https://registry.npmjs.org/is-fullwidth-code-point set size:undefined disposed:false
1510 http fetch GET 200 https://registry.npmjs.org/strip-ansi 24ms (cache miss)
1511 silly packumentCache full:https://registry.npmjs.org/strip-ansi set size:undefined disposed:false
1512 http fetch GET 200 https://registry.npmjs.org/strip-ansi 25ms (cache miss)
1513 silly packumentCache full:https://registry.npmjs.org/strip-ansi set size:undefined disposed:false
1514 http fetch GET 200 https://registry.npmjs.org/wrap-ansi 25ms (cache miss)
1515 silly packumentCache full:https://registry.npmjs.org/wrap-ansi set size:undefined disposed:false
1516 http fetch GET 200 https://registry.npmjs.org/emoji-regex 26ms (cache miss)
1517 silly packumentCache full:https://registry.npmjs.org/emoji-regex set size:undefined disposed:false
1518 silly placeDep ROOT strip-ansi@6.0.1 OK for: cliui@8.0.1 want: ^6.0.1
1519 silly placeDep ROOT wrap-ansi@7.0.0 OK for: cliui@8.0.1 want: ^7.0.0
1520 silly fetch manifest ansi-regex@^5.0.1
1521 silly packumentCache full:https://registry.npmjs.org/ansi-regex cache-miss
1522 http fetch GET 200 https://registry.npmjs.org/ansi-regex 22ms (cache miss)
1523 silly packumentCache full:https://registry.npmjs.org/ansi-regex set size:undefined disposed:false
1524 silly placeDep node_modules/string-width emoji-regex@8.0.0 OK for: string-width@4.2.3 want: ^8.0.0
1525 silly placeDep ROOT is-fullwidth-code-point@3.0.0 OK for: string-width@4.2.3 want: ^3.0.0
1526 silly placeDep ROOT ansi-regex@5.0.1 OK for: strip-ansi@6.0.1 want: ^5.0.1
1527 silly placeDep ROOT @types/mime@1.3.5 OK for: @types/send@0.17.6 want: ^1
1528 silly placeDep node_modules/body-parser ms@2.0.0 OK for: debug@2.6.9 want: 2.0.0
1529 silly placeDep node_modules/escodegen levn@0.3.0 OK for: optionator@0.8.3 want: ~0.3.0
1530 silly placeDep node_modules/escodegen prelude-ls@1.1.2 OK for: optionator@0.8.3 want: ~1.1.2
1531 silly placeDep node_modules/escodegen type-check@0.3.2 OK for: optionator@0.8.3 want: ~0.3.2
1532 silly placeDep node_modules/express ms@2.0.0 OK for: debug@2.6.9 want: 2.0.0
1533 silly placeDep node_modules/finalhandler ms@2.0.0 OK for: debug@2.6.9 want: 2.0.0
1534 silly placeDep node_modules/glob brace-expansion@2.1.2 OK for: minimatch@5.1.9 want: ^2.0.1
1535 silly placeDep node_modules/google-auth-library yallist@4.0.0 OK for: lru-cache@6.0.0 want: ^4.0.0
1536 silly placeDep ROOT @protobufjs/inquire@1.1.2 OK for: protobufjs@7.2.4 want: ^1.1.0
1537 silly placeDep node_modules/lru-memoizer yallist@4.0.0 OK for: lru-cache@6.0.0 want: ^4.0.0
1538 silly placeDep ROOT @img/colour@1.1.0 OK for: sharp@0.34.5 want: ^1.0.0
1539 silly placeDep node_modules/next @img/sharp-darwin-arm64@0.34.5 OK for: sharp@0.34.5 want: 0.34.5
1540 silly placeDep node_modules/next @img/sharp-darwin-x64@0.34.5 OK for: sharp@0.34.5 want: 0.34.5
1541 silly placeDep node_modules/next @img/sharp-libvips-darwin-arm64@1.2.4 OK for: sharp@0.34.5 want: 1.2.4
1542 silly placeDep node_modules/next @img/sharp-libvips-darwin-x64@1.2.4 OK for: sharp@0.34.5 want: 1.2.4
1543 silly placeDep node_modules/next @img/sharp-libvips-linux-arm@1.2.4 OK for: sharp@0.34.5 want: 1.2.4
1544 silly placeDep node_modules/next @img/sharp-libvips-linux-arm64@1.2.4 OK for: sharp@0.34.5 want: 1.2.4
1545 silly placeDep ROOT @img/sharp-libvips-linux-ppc64@1.2.4 OK for: sharp@0.34.5 want: 1.2.4
1546 silly placeDep ROOT @img/sharp-libvips-linux-riscv64@1.2.4 OK for: sharp@0.34.5 want: 1.2.4
1547 silly placeDep node_modules/next @img/sharp-libvips-linux-s390x@1.2.4 OK for: sharp@0.34.5 want: 1.2.4
1548 silly placeDep node_modules/next @img/sharp-libvips-linux-x64@1.2.4 OK for: sharp@0.34.5 want: 1.2.4
1549 silly placeDep node_modules/next @img/sharp-libvips-linuxmusl-arm64@1.2.4 OK for: sharp@0.34.5 want: 1.2.4
1550 silly placeDep node_modules/next @img/sharp-libvips-linuxmusl-x64@1.2.4 OK for: sharp@0.34.5 want: 1.2.4
1551 silly placeDep node_modules/next @img/sharp-linux-arm@0.34.5 OK for: sharp@0.34.5 want: 0.34.5
1552 silly placeDep node_modules/next @img/sharp-linux-arm64@0.34.5 OK for: sharp@0.34.5 want: 0.34.5
1553 silly placeDep ROOT @img/sharp-linux-ppc64@0.34.5 OK for: sharp@0.34.5 want: 0.34.5
1554 silly placeDep ROOT @img/sharp-linux-riscv64@0.34.5 OK for: sharp@0.34.5 want: 0.34.5
1555 silly placeDep node_modules/next @img/sharp-linux-s390x@0.34.5 OK for: sharp@0.34.5 want: 0.34.5
1556 silly placeDep node_modules/next @img/sharp-linux-x64@0.34.5 OK for: sharp@0.34.5 want: 0.34.5
1557 silly placeDep node_modules/next @img/sharp-linuxmusl-arm64@0.34.5 OK for: sharp@0.34.5 want: 0.34.5
1558 silly placeDep node_modules/next @img/sharp-linuxmusl-x64@0.34.5 OK for: sharp@0.34.5 want: 0.34.5
1559 silly placeDep node_modules/next @img/sharp-wasm32@0.34.5 OK for: sharp@0.34.5 want: 0.34.5
1560 silly placeDep ROOT @img/sharp-win32-arm64@0.34.5 OK for: sharp@0.34.5 want: 0.34.5
1561 silly placeDep node_modules/next @img/sharp-win32-ia32@0.34.5 OK for: sharp@0.34.5 want: 0.34.5
1562 silly placeDep node_modules/next @img/sharp-win32-x64@0.34.5 OK for: sharp@0.34.5 want: 0.34.5
1563 silly placeDep node_modules/next semver@7.8.5 OK for: sharp@0.34.5 want: ^7.7.3
1564 silly placeDep node_modules/protobufjs-cli eslint-visitor-keys@3.4.3 OK for: espree@9.6.1 want: ^3.4.1
1565 silly placeDep node_modules/send/node_modules/debug ms@2.0.0 OK for: debug@2.6.9 want: 2.0.0
1566 warn EBADENGINE Unsupported engine {
1566 warn EBADENGINE   package: 'firebase-frameworks@0.11.8',
1566 warn EBADENGINE   required: { node: '^16.0.0 || ^18.0.0 || ^20.0.0 || ^22.0.0' },
1566 warn EBADENGINE   current: { node: 'v24.15.0', npm: '11.12.1' }
1566 warn EBADENGINE }
1567 silly reify moves {}
1568 http cache @img/colour@https://registry.npmjs.org/@img/colour/-/colour-1.1.0.tgz 0ms (cache hit)
1569 http cache @protobufjs/inquire@https://registry.npmjs.org/@protobufjs/inquire/-/inquire-1.1.2.tgz 0ms (cache hit)
1570 http cache @types/mime@https://registry.npmjs.org/@types/mime/-/mime-1.3.5.tgz 0ms (cache hit)
1571 http cache ansi-regex@https://registry.npmjs.org/ansi-regex/-/ansi-regex-5.0.1.tgz 0ms (cache hit)
1572 http cache wrap-ansi@https://registry.npmjs.org/wrap-ansi/-/wrap-ansi-7.0.0.tgz 0ms (cache hit)
1573 http cache is-fullwidth-code-point@https://registry.npmjs.org/is-fullwidth-code-point/-/is-fullwidth-code-point-3.0.0.tgz 0ms (cache hit)
1574 http cache yargs-parser@https://registry.npmjs.org/yargs-parser/-/yargs-parser-21.1.1.tgz 0ms (cache hit)
1575 http cache strip-ansi@https://registry.npmjs.org/strip-ansi/-/strip-ansi-6.0.1.tgz 0ms (cache hit)
1576 http cache y18n@https://registry.npmjs.org/y18n/-/y18n-5.0.8.tgz 0ms (cache hit)
1577 http cache require-directory@https://registry.npmjs.org/require-directory/-/require-directory-2.1.1.tgz 0ms (cache hit)
1578 http cache string-width@https://registry.npmjs.org/string-width/-/string-width-4.2.3.tgz 0ms (cache hit)
1579 http cache get-caller-file@https://registry.npmjs.org/get-caller-file/-/get-caller-file-2.0.5.tgz 0ms (cache hit)
1580 http cache webidl-conversions@https://registry.npmjs.org/webidl-conversions/-/webidl-conversions-3.0.1.tgz 0ms (cache hit)
1581 http cache cliui@https://registry.npmjs.org/cliui/-/cliui-8.0.1.tgz 0ms (cache hit)
1582 http cache tr46@https://registry.npmjs.org/tr46/-/tr46-0.0.3.tgz 0ms (cache hit)
1583 http cache media-typer@https://registry.npmjs.org/media-typer/-/media-typer-0.3.0.tgz 0ms (cache hit)
1584 http cache websocket-extensions@https://registry.npmjs.org/websocket-extensions/-/websocket-extensions-0.1.4.tgz 0ms (cache hit)
1585 http cache http-parser-js@https://registry.npmjs.org/http-parser-js/-/http-parser-js-0.5.10.tgz 0ms (cache hit)
1586 http cache stubs@https://registry.npmjs.org/stubs/-/stubs-3.0.0.tgz 0ms (cache hit)
1587 http cache @tootallnate/once@https://registry.npmjs.org/@tootallnate/once/-/once-2.0.1.tgz 0ms (cache hit)
1588 http cache stream-events@https://registry.npmjs.org/stream-events/-/stream-events-1.0.5.tgz 0ms (cache hit)
1589 http cache util-deprecate@https://registry.npmjs.org/util-deprecate/-/util-deprecate-1.0.2.tgz 0ms (cache hit)
1590 http cache string_decoder@https://registry.npmjs.org/string_decoder/-/string_decoder-1.3.0.tgz 0ms (cache hit)
1591 http cache ipaddr.js@https://registry.npmjs.org/ipaddr.js/-/ipaddr.js-1.9.1.tgz 0ms (cache hit)
1592 http cache uc.micro@https://registry.npmjs.org/uc.micro/-/uc.micro-2.1.0.tgz 0ms (cache hit)
1593 http cache punycode.js@https://registry.npmjs.org/punycode.js/-/punycode.js-2.3.1.tgz 0ms (cache hit)
1594 http cache mdurl@https://registry.npmjs.org/mdurl/-/mdurl-2.1.0.tgz 0ms (cache hit)
1595 http cache entities@https://registry.npmjs.org/entities/-/entities-4.5.0.tgz 0ms (cache hit)
1596 http cache xmlcreate@https://registry.npmjs.org/xmlcreate/-/xmlcreate-2.0.4.tgz 0ms (cache hit)
1597 http cache @types/mdurl@https://registry.npmjs.org/@types/mdurl/-/mdurl-2.0.0.tgz 0ms (cache hit)
1598 http cache @types/linkify-it@https://registry.npmjs.org/@types/linkify-it/-/linkify-it-5.0.0.tgz 0ms (cache hit)
1599 http cache lodash@https://registry.npmjs.org/lodash/-/lodash-4.18.1.tgz 0ms (cache hit)
1600 http cache underscore@https://registry.npmjs.org/underscore/-/underscore-1.13.8.tgz 0ms (cache hit)
1601 http cache mkdirp@https://registry.npmjs.org/mkdirp/-/mkdirp-1.0.4.tgz 0ms (cache hit)
1602 http cache http-proxy-agent@https://registry.npmjs.org/http-proxy-agent/-/http-proxy-agent-5.0.0.tgz 0ms (cache hit)
1603 http cache requizzle@https://registry.npmjs.org/requizzle/-/requizzle-0.2.4.tgz 0ms (cache hit)
1604 http cache marked@https://registry.npmjs.org/marked/-/marked-4.3.0.tgz 0ms (cache hit)
1605 http cache markdown-it@https://registry.npmjs.org/markdown-it/-/markdown-it-14.3.0.tgz 0ms (cache hit)
1606 http cache forwarded@https://registry.npmjs.org/forwarded/-/forwarded-0.2.0.tgz 0ms (cache hit)
1607 http cache klaw@https://registry.npmjs.org/klaw/-/klaw-3.0.0.tgz 0ms (cache hit)
1608 http cache markdown-it-anchor@https://registry.npmjs.org/markdown-it-anchor/-/markdown-it-anchor-8.6.7.tgz 0ms (cache hit)
1609 http cache linkify-it@https://registry.npmjs.org/linkify-it/-/linkify-it-5.0.2.tgz 0ms (cache hit)
1610 http cache js2xmlparser@https://registry.npmjs.org/js2xmlparser/-/js2xmlparser-4.0.2.tgz 0ms (cache hit)
1611 http cache @jsdoc/salty@https://registry.npmjs.org/@jsdoc/salty/-/salty-0.2.12.tgz 0ms (cache hit)
1612 http cache esprima@https://registry.npmjs.org/esprima/-/esprima-4.0.1.tgz 0ms (cache hit)
1613 http cache inflight@https://registry.npmjs.org/inflight/-/inflight-1.0.6.tgz 0ms (cache hit)
1614 http cache source-map@https://registry.npmjs.org/source-map/-/source-map-0.6.1.tgz 0ms (cache hit)
1615 http cache uglify-js@https://registry.npmjs.org/uglify-js/-/uglify-js-3.19.3.tgz 0ms (cache hit)
1616 http cache bluebird@https://registry.npmjs.org/bluebird/-/bluebird-3.7.2.tgz 0ms (cache hit)
1617 http cache jsdoc@https://registry.npmjs.org/jsdoc/-/jsdoc-4.0.5.tgz 0ms (cache hit)
1618 http cache catharsis@https://registry.npmjs.org/catharsis/-/catharsis-0.9.0.tgz 0ms (cache hit)
1619 http cache @protobufjs/utf8@https://registry.npmjs.org/@protobufjs/utf8/-/utf8-1.1.2.tgz 0ms (cache hit)
1620 http cache glob@https://registry.npmjs.org/glob/-/glob-8.1.0.tgz 0ms (cache hit)
1621 http cache fs.realpath@https://registry.npmjs.org/fs.realpath/-/fs.realpath-1.0.0.tgz 0ms (cache hit)
1622 http cache @protobufjs/path@https://registry.npmjs.org/@protobufjs/path/-/path-1.1.2.tgz 0ms (cache hit)
1623 http cache @protobufjs/pool@https://registry.npmjs.org/@protobufjs/pool/-/pool-1.1.0.tgz 0ms (cache hit)
1624 http cache escodegen@https://registry.npmjs.org/escodegen/-/escodegen-1.14.3.tgz 0ms (cache hit)
1625 http cache @types/markdown-it@https://registry.npmjs.org/@types/markdown-it/-/markdown-it-14.1.2.tgz 0ms (cache hit)
1626 http cache @protobufjs/float@https://registry.npmjs.org/@protobufjs/float/-/float-1.0.2.tgz 0ms (cache hit)
1627 http cache @protobufjs/base64@https://registry.npmjs.org/@protobufjs/base64/-/base64-1.1.2.tgz 0ms (cache hit)
1628 http cache @protobufjs/fetch@https://registry.npmjs.org/@protobufjs/fetch/-/fetch-1.1.1.tgz 0ms (cache hit)
1629 http cache @protobufjs/aspromise@https://registry.npmjs.org/@protobufjs/aspromise/-/aspromise-1.1.2.tgz 0ms (cache hit)
1630 http cache wrappy@https://registry.npmjs.org/wrappy/-/wrappy-1.0.2.tgz 0ms (cache hit)
1631 http cache buffer-equal-constant-time@https://registry.npmjs.org/buffer-equal-constant-time/-/buffer-equal-constant-time-1.0.1.tgz 0ms (cache hit)
1632 http cache @protobufjs/eventemitter@https://registry.npmjs.org/@protobufjs/eventemitter/-/eventemitter-1.1.1.tgz 0ms (cache hit)
1633 http cache lodash.clonedeep@https://registry.npmjs.org/lodash.clonedeep/-/lodash.clonedeep-4.5.0.tgz 0ms (cache hit)
1634 http cache @protobufjs/codegen@https://registry.npmjs.org/@protobufjs/codegen/-/codegen-2.0.5.tgz 0ms (cache hit)
1635 http cache whatwg-url@https://registry.npmjs.org/whatwg-url/-/whatwg-url-5.0.0.tgz 0ms (cache hit)
1636 http cache ee-first@https://registry.npmjs.org/ee-first/-/ee-first-1.1.1.tgz 0ms (cache hit)
1637 http cache jwa@https://registry.npmjs.org/jwa/-/jwa-2.0.1.tgz 0ms (cache hit)
1638 http cache lru-memoizer@https://registry.npmjs.org/lru-memoizer/-/lru-memoizer-2.3.0.tgz 0ms (cache hit)
1639 http cache @types/ms@https://registry.npmjs.org/@types/ms/-/ms-2.1.0.tgz 0ms (cache hit)
1640 http cache jose@https://registry.npmjs.org/jose/-/jose-4.15.9.tgz 0ms (cache hit)
1641 http cache limiter@https://registry.npmjs.org/limiter/-/limiter-1.1.5.tgz 0ms (cache hit)
1642 http cache lodash.once@https://registry.npmjs.org/lodash.once/-/lodash.once-4.1.1.tgz 0ms (cache hit)
1643 http cache lodash.isnumber@https://registry.npmjs.org/lodash.isnumber/-/lodash.isnumber-3.0.3.tgz 0ms (cache hit)
1644 http cache lodash.isstring@https://registry.npmjs.org/lodash.isstring/-/lodash.isstring-4.0.1.tgz 0ms (cache hit)
1645 http cache @types/jsonwebtoken@https://registry.npmjs.org/@types/jsonwebtoken/-/jsonwebtoken-9.0.10.tgz 0ms (cache hit)
1646 http cache lodash.isinteger@https://registry.npmjs.org/lodash.isinteger/-/lodash.isinteger-4.0.4.tgz 0ms (cache hit)
1647 http cache lodash.isboolean@https://registry.npmjs.org/lodash.isboolean/-/lodash.isboolean-3.0.3.tgz 0ms (cache hit)
1648 http cache bignumber.js@https://registry.npmjs.org/bignumber.js/-/bignumber.js-9.3.1.tgz 0ms (cache hit)
1649 http cache safer-buffer@https://registry.npmjs.org/safer-buffer/-/safer-buffer-2.1.2.tgz 0ms (cache hit)
1650 http cache agent-base@https://registry.npmjs.org/agent-base/-/agent-base-6.0.2.tgz 0ms (cache hit)
1651 http cache lodash.isplainobject@https://registry.npmjs.org/lodash.isplainobject/-/lodash.isplainobject-4.0.6.tgz 0ms (cache hit)
1652 http cache tmp@https://registry.npmjs.org/tmp/-/tmp-0.2.7.tgz 0ms (cache hit)
1653 http cache toidentifier@https://registry.npmjs.org/toidentifier/-/toidentifier-1.0.1.tgz 0ms (cache hit)
1654 http cache google-p12-pem@https://registry.npmjs.org/google-p12-pem/-/google-p12-pem-4.0.1.tgz 0ms (cache hit)
1655 http cache @types/minimatch@https://registry.npmjs.org/@types/minimatch/-/minimatch-5.1.2.tgz 0ms (cache hit)
1656 http cache yargs@https://registry.npmjs.org/yargs/-/yargs-17.7.3.tgz 0ms (cache hit)
1657 http cache proto3-json-serializer@https://registry.npmjs.org/proto3-json-serializer/-/proto3-json-serializer-1.1.1.tgz 0ms (cache hit)
1658 http cache @types/glob@https://registry.npmjs.org/@types/glob/-/glob-8.1.0.tgz 0ms (cache hit)
1659 http cache long@https://registry.npmjs.org/long/-/long-5.3.2.tgz 0ms (cache hit)
1660 http cache lodash.camelcase@https://registry.npmjs.org/lodash.camelcase/-/lodash.camelcase-4.3.0.tgz 0ms (cache hit)
1661 http cache @types/rimraf@https://registry.npmjs.org/@types/rimraf/-/rimraf-3.0.2.tgz 0ms (cache hit)
1662 http cache protobufjs-cli@https://registry.npmjs.org/protobufjs-cli/-/protobufjs-cli-1.1.1.tgz 0ms (cache hit)
1663 http cache object-hash@https://registry.npmjs.org/object-hash/-/object-hash-3.0.0.tgz 0ms (cache hit)
1664 http cache @grpc/proto-loader@https://registry.npmjs.org/@grpc/proto-loader/-/proto-loader-0.7.15.tgz 0ms (cache hit)
1665 http cache @grpc/grpc-js@https://registry.npmjs.org/@grpc/grpc-js/-/grpc-js-1.8.22.tgz 0ms (cache hit)
1666 http cache @types/long@https://registry.npmjs.org/@types/long/-/long-4.0.2.tgz 0ms (cache hit)
1667 http cache gtoken@https://registry.npmjs.org/gtoken/-/gtoken-6.1.2.tgz 0ms (cache hit)
1668 http cache jws@https://registry.npmjs.org/jws/-/jws-4.0.1.tgz 0ms (cache hit)
1669 http cache gcp-metadata@https://registry.npmjs.org/gcp-metadata/-/gcp-metadata-5.3.0.tgz 0ms (cache hit)
1670 http cache fast-text-encoding@https://registry.npmjs.org/fast-text-encoding/-/fast-text-encoding-1.0.6.tgz 0ms (cache hit)
1671 http cache is-stream-ended@https://registry.npmjs.org/is-stream-ended/-/is-stream-ended-0.1.4.tgz 0ms (cache hit)
1672 http cache json-bigint@https://registry.npmjs.org/json-bigint/-/json-bigint-1.0.0.tgz 0ms (cache hit)
1673 http cache base64-js@https://registry.npmjs.org/base64-js/-/base64-js-1.5.1.tgz 0ms (cache hit)
1674 http cache https-proxy-agent@https://registry.npmjs.org/https-proxy-agent/-/https-proxy-agent-5.0.1.tgz 0ms (cache hit)
1675 http cache raw-body@https://registry.npmjs.org/raw-body/-/raw-body-2.5.3.tgz 0ms (cache hit)
1676 http cache node-fetch@https://registry.npmjs.org/node-fetch/-/node-fetch-2.7.0.tgz 0ms (cache hit)
1677 http cache unpipe@https://registry.npmjs.org/unpipe/-/unpipe-1.0.0.tgz 0ms (cache hit)
1678 http cache iconv-lite@https://registry.npmjs.org/iconv-lite/-/iconv-lite-0.4.24.tgz 0ms (cache hit)
1679 http cache bytes@https://registry.npmjs.org/bytes/-/bytes-3.1.2.tgz 0ms (cache hit)
1680 http cache destroy@https://registry.npmjs.org/destroy/-/destroy-1.2.0.tgz 0ms (cache hit)
1681 http cache is-stream@https://registry.npmjs.org/is-stream/-/is-stream-2.0.1.tgz 0ms (cache hit)
1682 http cache ecdsa-sig-formatter@https://registry.npmjs.org/ecdsa-sig-formatter/-/ecdsa-sig-formatter-1.0.11.tgz 0ms (cache hit)
1683 http cache negotiator@https://registry.npmjs.org/negotiator/-/negotiator-0.6.3.tgz 0ms (cache hit)
1684 http cache type-is@https://registry.npmjs.org/type-is/-/type-is-1.6.18.tgz 0ms (cache hit)
1685 http cache setprototypeof@https://registry.npmjs.org/setprototypeof/-/setprototypeof-1.2.0.tgz 0ms (cache hit)
1686 http cache statuses@https://registry.npmjs.org/statuses/-/statuses-2.0.2.tgz 0ms (cache hit)
1687 http cache serve-static@https://registry.npmjs.org/serve-static/-/serve-static-1.16.3.tgz 0ms (cache hit)
1688 http cache safe-buffer@https://registry.npmjs.org/safe-buffer/-/safe-buffer-5.2.1.tgz 0ms (cache hit)
1689 http cache send@https://registry.npmjs.org/send/-/send-0.19.2.tgz 0ms (cache hit)
1690 http cache range-parser@https://registry.npmjs.org/range-parser/-/range-parser-1.2.1.tgz 0ms (cache hit)
1691 http cache utils-merge@https://registry.npmjs.org/utils-merge/-/utils-merge-1.0.1.tgz 0ms (cache hit)
1692 http cache proxy-addr@https://registry.npmjs.org/proxy-addr/-/proxy-addr-2.0.7.tgz 0ms (cache hit)
1693 http cache path-to-regexp@https://registry.npmjs.org/path-to-regexp/-/path-to-regexp-0.1.13.tgz 0ms (cache hit)
1694 http cache qs@https://registry.npmjs.org/qs/-/qs-6.15.3.tgz 0ms (cache hit)
1695 http cache parseurl@https://registry.npmjs.org/parseurl/-/parseurl-1.3.3.tgz 0ms (cache hit)
1696 http cache on-finished@https://registry.npmjs.org/on-finished/-/on-finished-2.4.1.tgz 0ms (cache hit)
1697 http cache methods@https://registry.npmjs.org/methods/-/methods-1.1.2.tgz 0ms (cache hit)
1698 http cache merge-descriptors@https://registry.npmjs.org/merge-descriptors/-/merge-descriptors-1.0.3.tgz 0ms (cache hit)
1699 http cache http-errors@https://registry.npmjs.org/http-errors/-/http-errors-2.0.1.tgz 0ms (cache hit)
1700 http cache etag@https://registry.npmjs.org/etag/-/etag-1.8.1.tgz 0ms (cache hit)
1701 http cache finalhandler@https://registry.npmjs.org/finalhandler/-/finalhandler-1.3.2.tgz 0ms (cache hit)
1702 http cache fresh@https://registry.npmjs.org/fresh/-/fresh-0.5.2.tgz 0ms (cache hit)
1703 http cache encodeurl@https://registry.npmjs.org/encodeurl/-/encodeurl-2.0.0.tgz 0ms (cache hit)
1704 http cache content-type@https://registry.npmjs.org/content-type/-/content-type-1.0.5.tgz 0ms (cache hit)
1705 http cache depd@https://registry.npmjs.org/depd/-/depd-2.0.0.tgz 0ms (cache hit)
1706 http cache escape-html@https://registry.npmjs.org/escape-html/-/escape-html-1.0.3.tgz 0ms (cache hit)
1707 http cache cookie-signature@https://registry.npmjs.org/cookie-signature/-/cookie-signature-1.0.7.tgz 0ms (cache hit)
1708 http cache array-flatten@https://registry.npmjs.org/array-flatten/-/array-flatten-1.1.1.tgz 0ms (cache hit)
1709 http cache content-disposition@https://registry.npmjs.org/content-disposition/-/content-disposition-0.5.4.tgz 0ms (cache hit)
1710 http cache body-parser@https://registry.npmjs.org/body-parser/-/body-parser-1.20.6.tgz 0ms (cache hit)
1711 http cache accepts@https://registry.npmjs.org/accepts/-/accepts-1.3.8.tgz 0ms (cache hit)
1712 http cache @types/http-errors@https://registry.npmjs.org/@types/http-errors/-/http-errors-2.0.5.tgz 0ms (cache hit)
1713 http cache vary@https://registry.npmjs.org/vary/-/vary-1.1.2.tgz 0ms (cache hit)
1714 http cache @types/send@https://registry.npmjs.org/@types/send/-/send-1.2.1.tgz 0ms (cache hit)
1715 http cache @types/range-parser@https://registry.npmjs.org/@types/range-parser/-/range-parser-1.2.7.tgz 0ms (cache hit)
1716 http cache @types/express-serve-static-core@https://registry.npmjs.org/@types/express-serve-static-core/-/express-serve-static-core-4.19.9.tgz 0ms (cache hit)
1717 http cache @types/serve-static@https://registry.npmjs.org/@types/serve-static/-/serve-static-1.15.10.tgz 0ms (cache hit)
1718 http cache @types/connect@https://registry.npmjs.org/@types/connect/-/connect-3.4.38.tgz 0ms (cache hit)
1719 http cache @types/qs@https://registry.npmjs.org/@types/qs/-/qs-6.15.1.tgz 0ms (cache hit)
1720 http cache lodash.includes@https://registry.npmjs.org/lodash.includes/-/lodash.includes-4.3.0.tgz 0ms (cache hit)
1721 http cache cors@https://registry.npmjs.org/cors/-/cors-2.8.6.tgz 0ms (cache hit)
1722 http cache @types/express@https://registry.npmjs.org/@types/express/-/express-4.17.25.tgz 0ms (cache hit)
1723 http cache @types/cors@https://registry.npmjs.org/@types/cors/-/cors-2.8.19.tgz 0ms (cache hit)
1724 http cache @types/body-parser@https://registry.npmjs.org/@types/body-parser/-/body-parser-1.19.6.tgz 0ms (cache hit)
1725 http cache express@https://registry.npmjs.org/express/-/express-4.22.2.tgz 0ms (cache hit)
1726 http cache @hapi/hoek@https://registry.npmjs.org/@hapi/hoek/-/hoek-11.0.7.tgz 0ms (cache hit)
1727 http cache @hapi/boom@https://registry.npmjs.org/@hapi/boom/-/boom-10.0.1.tgz 0ms (cache hit)
1728 http cache @hapi/accept@https://registry.npmjs.org/@hapi/accept/-/accept-6.0.3.tgz 0ms (cache hit)
1729 http cache websocket-driver@https://registry.npmjs.org/websocket-driver/-/websocket-driver-0.7.5.tgz 0ms (cache hit)
1730 http cache cookie@https://registry.npmjs.org/cookie/-/cookie-0.5.0.tgz 0ms (cache hit)
1731 http cache strnum@https://registry.npmjs.org/strnum/-/strnum-1.1.2.tgz 0ms (cache hit)
1732 http cache stream-shift@https://registry.npmjs.org/stream-shift/-/stream-shift-1.0.3.tgz 0ms (cache hit)
1733 http cache once@https://registry.npmjs.org/once/-/once-1.4.0.tgz 0ms (cache hit)
1734 http cache readable-stream@https://registry.npmjs.org/readable-stream/-/readable-stream-3.6.2.tgz 0ms (cache hit)
1735 http cache retry@https://registry.npmjs.org/retry/-/retry-0.13.1.tgz 0ms (cache hit)
1736 http cache mime-db@https://registry.npmjs.org/mime-db/-/mime-db-1.54.0.tgz 0ms (cache hit)
1737 http cache event-target-shim@https://registry.npmjs.org/event-target-shim/-/event-target-shim-5.0.1.tgz 0ms (cache hit)
1738 http cache retry-request@https://registry.npmjs.org/retry-request/-/retry-request-5.0.2.tgz 0ms (cache hit)
1739 http cache teeny-request@https://registry.npmjs.org/teeny-request/-/teeny-request-8.0.3.tgz 0ms (cache hit)
1740 http cache inherits@https://registry.npmjs.org/inherits/-/inherits-2.0.4.tgz 0ms (cache hit)
1741 http cache end-of-stream@https://registry.npmjs.org/end-of-stream/-/end-of-stream-1.4.5.tgz 0ms (cache hit)
1742 http cache arrify@https://registry.npmjs.org/arrify/-/arrify-2.0.1.tgz 0ms (cache hit)
1743 http cache gaxios@https://registry.npmjs.org/gaxios/-/gaxios-5.1.3.tgz 0ms (cache hit)
1744 http cache fast-xml-parser@https://registry.npmjs.org/fast-xml-parser/-/fast-xml-parser-4.5.7.tgz 0ms (cache hit)
1745 http cache mime-types@https://registry.npmjs.org/mime-types/-/mime-types-2.1.35.tgz 0ms (cache hit)
1746 http cache ent@https://registry.npmjs.org/ent/-/ent-2.2.2.tgz 0ms (cache hit)
1747 http cache extend@https://registry.npmjs.org/extend/-/extend-3.0.2.tgz 0ms (cache hit)
1748 http cache mime@https://registry.npmjs.org/mime/-/mime-3.0.0.tgz 0ms (cache hit)
1749 http cache google-auth-library@https://registry.npmjs.org/google-auth-library/-/google-auth-library-8.9.0.tgz 0ms (cache hit)
1750 http cache compressible@https://registry.npmjs.org/compressible/-/compressible-2.0.18.tgz 0ms (cache hit)
1751 http cache async-retry@https://registry.npmjs.org/async-retry/-/async-retry-1.3.3.tgz 0ms (cache hit)
1752 http cache duplexify@https://registry.npmjs.org/duplexify/-/duplexify-4.1.3.tgz 0ms (cache hit)
1753 http cache @google-cloud/promisify@https://registry.npmjs.org/@google-cloud/promisify/-/promisify-3.0.1.tgz 0ms (cache hit)
1754 http cache abort-controller@https://registry.npmjs.org/abort-controller/-/abort-controller-3.0.0.tgz 0ms (cache hit)
1755 http cache @google-cloud/projectify@https://registry.npmjs.org/@google-cloud/projectify/-/projectify-3.0.0.tgz 0ms (cache hit)
1756 http cache @google-cloud/paginator@https://registry.npmjs.org/@google-cloud/paginator/-/paginator-3.0.7.tgz 0ms (cache hit)
1757 http cache protobufjs@https://registry.npmjs.org/protobufjs/-/protobufjs-7.6.5.tgz 0ms (cache hit)
1758 http cache @firebase/app-types@https://registry.npmjs.org/@firebase/app-types/-/app-types-0.9.0.tgz 0ms (cache hit)
1759 http cache @firebase/util@https://registry.npmjs.org/@firebase/util/-/util-1.9.3.tgz 0ms (cache hit)
1760 http cache @firebase/auth-interop-types@https://registry.npmjs.org/@firebase/auth-interop-types/-/auth-interop-types-0.2.1.tgz 0ms (cache hit)
1761 http cache @firebase/database@https://registry.npmjs.org/@firebase/database/-/database-0.14.4.tgz 0ms (cache hit)
1762 http cache @firebase/logger@https://registry.npmjs.org/@firebase/logger/-/logger-0.4.0.tgz 0ms (cache hit)
1763 http cache google-gax@https://registry.npmjs.org/google-gax/-/google-gax-3.6.1.tgz 0ms (cache hit)
1764 http cache faye-websocket@https://registry.npmjs.org/faye-websocket/-/faye-websocket-0.11.4.tgz 0ms (cache hit)
1765 http cache @firebase/component@https://registry.npmjs.org/@firebase/component/-/component-0.6.4.tgz 0ms (cache hit)
1766 http cache functional-red-black-tree@https://registry.npmjs.org/functional-red-black-tree/-/functional-red-black-tree-1.0.1.tgz 0ms (cache hit)
1767 http cache text-decoding@https://registry.npmjs.org/text-decoding/-/text-decoding-1.0.0.tgz 0ms (cache hit)
1768 http cache uuid@https://registry.npmjs.org/uuid/-/uuid-9.0.1.tgz 0ms (cache hit)
1769 http cache jsonwebtoken@https://registry.npmjs.org/jsonwebtoken/-/jsonwebtoken-9.0.3.tgz 0ms (cache hit)
1770 http cache @google-cloud/storage@https://registry.npmjs.org/@google-cloud/storage/-/storage-6.12.0.tgz 0ms (cache hit)
1771 http cache @google-cloud/firestore@https://registry.npmjs.org/@google-cloud/firestore/-/firestore-6.8.0.tgz 0ms (cache hit)
1772 http cache node-forge@https://registry.npmjs.org/node-forge/-/node-forge-1.4.0.tgz 0ms (cache hit)
1773 http cache @firebase/database-types@https://registry.npmjs.org/@firebase/database-types/-/database-types-0.10.4.tgz 0ms (cache hit)
1774 http cache jwks-rsa@https://registry.npmjs.org/jwks-rsa/-/jwks-rsa-3.2.2.tgz 0ms (cache hit)
1775 http cache firebase-admin@https://registry.npmjs.org/firebase-admin/-/firebase-admin-11.11.1.tgz 0ms (cache hit)
1776 http cache yocto-queue@https://registry.npmjs.org/yocto-queue/-/yocto-queue-0.1.0.tgz 0ms (cache hit)
1777 http cache firebase-functions@https://registry.npmjs.org/firebase-functions/-/firebase-functions-6.6.0.tgz 0ms (cache hit)
1778 http cache word-wrap@https://registry.npmjs.org/word-wrap/-/word-wrap-1.2.5.tgz 0ms (cache hit)
1779 http cache @fastify/busboy@https://registry.npmjs.org/@fastify/busboy/-/busboy-1.2.1.tgz 0ms (cache hit)
1780 http cache undici-types@https://registry.npmjs.org/undici-types/-/undici-types-6.21.0.tgz 0ms (cache hit)
1781 http cache firebase-frameworks@https://registry.npmjs.org/firebase-frameworks/-/firebase-frameworks-0.11.8.tgz 0ms (cache hit)
1782 http cache @firebase/database-compat@https://registry.npmjs.org/@firebase/database-compat/-/database-compat-0.3.4.tgz 0ms (cache hit)
1783 http cache source-map-js@https://registry.npmjs.org/source-map-js/-/source-map-js-1.2.1.tgz 0ms (cache hit)
1784 http cache strip-json-comments@https://registry.npmjs.org/strip-json-comments/-/strip-json-comments-3.1.1.tgz 0ms (cache hit)
1785 http cache supports-color@https://registry.npmjs.org/supports-color/-/supports-color-7.2.0.tgz 0ms (cache hit)
1786 http cache styled-jsx@https://registry.npmjs.org/styled-jsx/-/styled-jsx-5.1.6.tgz 0ms (cache hit)
1787 http cache tslib@https://registry.npmjs.org/tslib/-/tslib-2.8.1.tgz 0ms (cache hit)
1788 http cache side-channel@https://registry.npmjs.org/side-channel/-/side-channel-1.1.1.tgz 0ms (cache hit)
1789 http cache side-channel-weakmap@https://registry.npmjs.org/side-channel-weakmap/-/side-channel-weakmap-1.0.2.tgz 0ms (cache hit)
1790 http cache side-channel-list@https://registry.npmjs.org/side-channel-list/-/side-channel-list-1.0.1.tgz 0ms (cache hit)
1791 http cache scheduler@https://registry.npmjs.org/scheduler/-/scheduler-0.27.0.tgz 0ms (cache hit)
1792 http cache side-channel-map@https://registry.npmjs.org/side-channel-map/-/side-channel-map-1.0.1.tgz 0ms (cache hit)
1793 http cache react-dom@https://registry.npmjs.org/react-dom/-/react-dom-19.2.4.tgz 0ms (cache hit)
1794 http cache robot3@https://registry.npmjs.org/robot3/-/robot3-0.4.1.tgz 0ms (cache hit)
1795 http cache react@https://registry.npmjs.org/react/-/react-19.2.4.tgz 0ms (cache hit)
1796 http cache picocolors@https://registry.npmjs.org/picocolors/-/picocolors-1.1.1.tgz 0ms (cache hit)
1797 http cache p-limit@https://registry.npmjs.org/p-limit/-/p-limit-3.1.0.tgz 0ms (cache hit)
1798 http cache next@https://registry.npmjs.org/next/-/next-16.2.10.tgz 0ms (cache hit)
1799 http cache safe-regex-test@https://registry.npmjs.org/safe-regex-test/-/safe-regex-test-1.1.0.tgz 0ms (cache hit)
1800 http cache server-only@https://registry.npmjs.org/server-only/-/server-only-0.0.1.tgz 0ms (cache hit)
1801 http cache object-inspect@https://registry.npmjs.org/object-inspect/-/object-inspect-1.13.4.tgz 0ms (cache hit)
1802 http cache promise-polyfill@https://registry.npmjs.org/promise-polyfill/-/promise-polyfill-8.3.0.tgz 0ms (cache hit)
1803 http cache minimist@https://registry.npmjs.org/minimist/-/minimist-1.2.8.tgz 0ms (cache hit)
1804 http cache ms@https://registry.npmjs.org/ms/-/ms-2.1.3.tgz 0ms (cache hit)
1805 http cache nanoid@https://registry.npmjs.org/nanoid/-/nanoid-3.3.16.tgz 0ms (cache hit)
1806 http cache object-assign@https://registry.npmjs.org/object-assign/-/object-assign-4.1.1.tgz 0ms (cache hit)
1807 http cache math-intrinsics@https://registry.npmjs.org/math-intrinsics/-/math-intrinsics-1.1.0.tgz 0ms (cache hit)
1808 http cache hi-base32@https://registry.npmjs.org/hi-base32/-/hi-base32-0.5.1.tgz 0ms (cache hit)
1809 http cache has-symbols@https://registry.npmjs.org/has-symbols/-/has-symbols-1.1.0.tgz 0ms (cache hit)
1810 http cache lucide-react@https://registry.npmjs.org/lucide-react/-/lucide-react-1.26.0.tgz 0ms (cache hit)
1811 http cache is-regex@https://registry.npmjs.org/is-regex/-/is-regex-1.2.1.tgz 0ms (cache hit)
1812 http cache graceful-fs@https://registry.npmjs.org/graceful-fs/-/graceful-fs-4.2.11.tgz 0ms (cache hit)
1813 http cache has-flag@https://registry.npmjs.org/has-flag/-/has-flag-4.0.0.tgz 0ms (cache hit)
1814 http cache has-tostringtag@https://registry.npmjs.org/has-tostringtag/-/has-tostringtag-1.0.2.tgz 0ms (cache hit)
1815 http cache hasown@https://registry.npmjs.org/hasown/-/hasown-2.0.4.tgz 0ms (cache hit)
1816 http cache get-proto@https://registry.npmjs.org/get-proto/-/get-proto-1.0.1.tgz 0ms (cache hit)
1817 http cache function-bind@https://registry.npmjs.org/function-bind/-/function-bind-1.1.2.tgz 0ms (cache hit)
1818 http cache fast-levenshtein@https://registry.npmjs.org/fast-levenshtein/-/fast-levenshtein-2.0.6.tgz 0ms (cache hit)
1819 http cache eventsource-parser@https://registry.npmjs.org/eventsource-parser/-/eventsource-parser-1.1.2.tgz 0ms (cache hit)
1820 http cache fast-deep-equal@https://registry.npmjs.org/fast-deep-equal/-/fast-deep-equal-3.1.3.tgz 0ms (cache hit)
1821 http cache get-intrinsic@https://registry.npmjs.org/get-intrinsic/-/get-intrinsic-1.3.0.tgz 0ms (cache hit)
1822 http cache es-object-atoms@https://registry.npmjs.org/es-object-atoms/-/es-object-atoms-1.1.2.tgz 0ms (cache hit)
1823 http cache esutils@https://registry.npmjs.org/esutils/-/esutils-2.0.3.tgz 0ms (cache hit)
1824 http cache escalade@https://registry.npmjs.org/escalade/-/escalade-3.2.0.tgz 0ms (cache hit)
1825 http cache es-errors@https://registry.npmjs.org/es-errors/-/es-errors-1.3.0.tgz 0ms (cache hit)
1826 http cache dunder-proto@https://registry.npmjs.org/dunder-proto/-/dunder-proto-1.0.1.tgz 0ms (cache hit)
1827 http cache debug@https://registry.npmjs.org/debug/-/debug-4.4.3.tgz 0ms (cache hit)
1828 http cache detect-libc@https://registry.npmjs.org/detect-libc/-/detect-libc-2.1.2.tgz 0ms (cache hit)
1829 http cache estraverse@https://registry.npmjs.org/estraverse/-/estraverse-5.3.0.tgz 0ms (cache hit)
1830 http cache color-name@https://registry.npmjs.org/color-name/-/color-name-1.1.4.tgz 0ms (cache hit)
1831 http cache deep-is@https://registry.npmjs.org/deep-is/-/deep-is-0.1.4.tgz 0ms (cache hit)
1832 http cache es-define-property@https://registry.npmjs.org/es-define-property/-/es-define-property-1.0.1.tgz 0ms (cache hit)
1833 http cache gopd@https://registry.npmjs.org/gopd/-/gopd-1.2.0.tgz 0ms (cache hit)
1834 http cache chalk@https://registry.npmjs.org/chalk/-/chalk-4.1.2.tgz 0ms (cache hit)
1835 http cache color-convert@https://registry.npmjs.org/color-convert/-/color-convert-2.0.1.tgz 0ms (cache hit)
1836 http cache call-bound@https://registry.npmjs.org/call-bound/-/call-bound-1.0.4.tgz 0ms (cache hit)
1837 http cache balanced-match@https://registry.npmjs.org/balanced-match/-/balanced-match-1.0.2.tgz 0ms (cache hit)
1838 http cache call-bind-apply-helpers@https://registry.npmjs.org/call-bind-apply-helpers/-/call-bind-apply-helpers-1.0.2.tgz 0ms (cache hit)
1839 http cache client-only@https://registry.npmjs.org/client-only/-/client-only-0.0.1.tgz 0ms (cache hit)
1840 http cache ansi-styles@https://registry.npmjs.org/ansi-styles/-/ansi-styles-4.3.0.tgz 0ms (cache hit)
1841 http cache argparse@https://registry.npmjs.org/argparse/-/argparse-2.0.1.tgz 0ms (cache hit)
1842 http cache @types/node@https://registry.npmjs.org/@types/node/-/node-20.19.43.tgz 0ms (cache hit)
1843 http cache acorn@https://registry.npmjs.org/acorn/-/acorn-8.17.0.tgz 0ms (cache hit)
1844 http cache baseline-browser-mapping@https://registry.npmjs.org/baseline-browser-mapping/-/baseline-browser-mapping-2.10.44.tgz 0ms (cache hit)
1845 http cache @swc/helpers@https://registry.npmjs.org/@swc/helpers/-/helpers-0.5.15.tgz 1ms (cache hit)
1846 http cache @paypal/sdk-constants@https://registry.npmjs.org/@paypal/sdk-constants/-/sdk-constants-1.0.158.tgz 0ms (cache hit)
1847 http cache @paypal/react-paypal-js@https://registry.npmjs.org/@paypal/react-paypal-js/-/react-paypal-js-10.1.2.tgz 0ms (cache hit)
1848 http cache @paypal/paypal-js@https://registry.npmjs.org/@paypal/paypal-js/-/paypal-js-10.0.3.tgz 0ms (cache hit)
1849 http cache @next/swc-darwin-arm64@https://registry.npmjs.org/@next/swc-darwin-arm64/-/swc-darwin-arm64-16.2.10.tgz 0ms (cache hit)
1850 http cache @next/env@https://registry.npmjs.org/@next/env/-/env-16.2.10.tgz 0ms (cache hit)
1851 http cache @fal-ai/client@https://registry.npmjs.org/@fal-ai/client/-/client-1.10.1.tgz 0ms (cache hit)
1852 http cache acorn-jsx@https://registry.npmjs.org/acorn-jsx/-/acorn-jsx-5.3.2.tgz 0ms (cache hit)
1853 http cache @babel/types@https://registry.npmjs.org/@babel/types/-/types-7.29.7.tgz 0ms (cache hit)
1854 http cache @msgpack/msgpack@https://registry.npmjs.org/@msgpack/msgpack/-/msgpack-3.1.3.tgz 0ms (cache hit)
1855 http cache @babel/parser@https://registry.npmjs.org/@babel/parser/-/parser-7.29.7.tgz 0ms (cache hit)
1856 http cache @babel/helper-validator-identifier@https://registry.npmjs.org/@babel/helper-validator-identifier/-/helper-validator-identifier-7.29.7.tgz 0ms (cache hit)
1857 http cache @babel/helper-string-parser@https://registry.npmjs.org/@babel/helper-string-parser/-/helper-string-parser-7.29.7.tgz 0ms (cache hit)
1858 http cache minimatch@https://registry.npmjs.org/minimatch/-/minimatch-5.1.9.tgz 0ms (cache hit)
1859 http cache emoji-regex@https://registry.npmjs.org/emoji-regex/-/emoji-regex-8.0.0.tgz 0ms (cache hit)
1860 http cache brace-expansion@https://registry.npmjs.org/brace-expansion/-/brace-expansion-2.1.2.tgz 0ms (cache hit)
1861 http cache type-check@https://registry.npmjs.org/type-check/-/type-check-0.3.2.tgz 0ms (cache hit)
1862 http cache levn@https://registry.npmjs.org/levn/-/levn-0.3.0.tgz 0ms (cache hit)
1863 http cache escape-string-regexp@https://registry.npmjs.org/escape-string-regexp/-/escape-string-regexp-2.0.0.tgz 0ms (cache hit)
1864 http cache optionator@https://registry.npmjs.org/optionator/-/optionator-0.8.3.tgz 0ms (cache hit)
1865 http cache prelude-ls@https://registry.npmjs.org/prelude-ls/-/prelude-ls-1.1.2.tgz 0ms (cache hit)
1866 http cache estraverse@https://registry.npmjs.org/estraverse/-/estraverse-4.3.0.tgz 0ms (cache hit)
1867 http cache caniuse-lite@https://registry.npmjs.org/caniuse-lite/-/caniuse-lite-1.0.30001806.tgz 0ms (cache hit)
1868 http cache yallist@https://registry.npmjs.org/yallist/-/yallist-4.0.0.tgz 0ms (cache hit)
1869 http cache eslint-visitor-keys@https://registry.npmjs.org/eslint-visitor-keys/-/eslint-visitor-keys-3.4.3.tgz 0ms (cache hit)
1870 http cache semver@https://registry.npmjs.org/semver/-/semver-7.8.5.tgz 0ms (cache hit)
1871 http cache mime@https://registry.npmjs.org/mime/-/mime-1.6.0.tgz 0ms (cache hit)
1872 http cache espree@https://registry.npmjs.org/espree/-/espree-9.6.1.tgz 0ms (cache hit)
1873 http cache ms@https://registry.npmjs.org/ms/-/ms-2.0.0.tgz 1ms (cache hit)
1874 http cache ms@https://registry.npmjs.org/ms/-/ms-2.0.0.tgz 0ms (cache hit)
1875 http cache ms@https://registry.npmjs.org/ms/-/ms-2.0.0.tgz 0ms (cache hit)
1876 http cache debug@https://registry.npmjs.org/debug/-/debug-2.6.9.tgz 0ms (cache hit)
1877 http cache debug@https://registry.npmjs.org/debug/-/debug-2.6.9.tgz 0ms (cache hit)
1878 http cache ms@https://registry.npmjs.org/ms/-/ms-2.0.0.tgz 0ms (cache hit)
1879 http cache @types/send@https://registry.npmjs.org/@types/send/-/send-0.17.6.tgz 0ms (cache hit)
1880 http cache yallist@https://registry.npmjs.org/yallist/-/yallist-4.0.0.tgz 0ms (cache hit)
1881 http cache cookie@https://registry.npmjs.org/cookie/-/cookie-0.7.2.tgz 0ms (cache hit)
1882 http cache debug@https://registry.npmjs.org/debug/-/debug-2.6.9.tgz 0ms (cache hit)
1883 http cache debug@https://registry.npmjs.org/debug/-/debug-2.6.9.tgz 0ms (cache hit)
1884 http cache lru-cache@https://registry.npmjs.org/lru-cache/-/lru-cache-6.0.0.tgz 0ms (cache hit)
1885 http cache mime-db@https://registry.npmjs.org/mime-db/-/mime-db-1.52.0.tgz 0ms (cache hit)
1886 http cache protobufjs@https://registry.npmjs.org/protobufjs/-/protobufjs-7.2.4.tgz 0ms (cache hit)
1887 http cache semver@https://registry.npmjs.org/semver/-/semver-7.8.5.tgz 0ms (cache hit)
1888 http cache uuid@https://registry.npmjs.org/uuid/-/uuid-8.3.2.tgz 0ms (cache hit)
1889 http cache @img/sharp-libvips-darwin-arm64@https://registry.npmjs.org/@img/sharp-libvips-darwin-arm64/-/sharp-libvips-darwin-arm64-1.2.4.tgz 0ms (cache hit)
1890 http cache sharp@https://registry.npmjs.org/sharp/-/sharp-0.34.5.tgz 0ms (cache hit)
1891 http cache semver@https://registry.npmjs.org/semver/-/semver-7.8.5.tgz 0ms (cache hit)
1892 http cache lru-cache@https://registry.npmjs.org/lru-cache/-/lru-cache-7.18.3.tgz 0ms (cache hit)
1893 http cache @img/sharp-darwin-arm64@https://registry.npmjs.org/@img/sharp-darwin-arm64/-/sharp-darwin-arm64-0.34.5.tgz 0ms (cache hit)
1894 http cache punycode@https://registry.npmjs.org/punycode/-/punycode-1.4.1.tgz 0ms (cache hit)
1895 silly tarball no local data for @img/colour@https://registry.npmjs.org/@img/colour/-/colour-1.1.0.tgz. Extracting by manifest.
1896 silly tarball no local data for @protobufjs/inquire@https://registry.npmjs.org/@protobufjs/inquire/-/inquire-1.1.2.tgz. Extracting by manifest.
1897 silly tarball no local data for @types/mime@https://registry.npmjs.org/@types/mime/-/mime-1.3.5.tgz. Extracting by manifest.
1898 silly tarball no local data for ansi-regex@https://registry.npmjs.org/ansi-regex/-/ansi-regex-5.0.1.tgz. Extracting by manifest.
1899 silly tarball no local data for wrap-ansi@https://registry.npmjs.org/wrap-ansi/-/wrap-ansi-7.0.0.tgz. Extracting by manifest.
1900 silly tarball no local data for is-fullwidth-code-point@https://registry.npmjs.org/is-fullwidth-code-point/-/is-fullwidth-code-point-3.0.0.tgz. Extracting by manifest.
1901 silly tarball no local data for yargs-parser@https://registry.npmjs.org/yargs-parser/-/yargs-parser-21.1.1.tgz. Extracting by manifest.
1902 silly tarball no local data for strip-ansi@https://registry.npmjs.org/strip-ansi/-/strip-ansi-6.0.1.tgz. Extracting by manifest.
1903 silly tarball no local data for y18n@https://registry.npmjs.org/y18n/-/y18n-5.0.8.tgz. Extracting by manifest.
1904 silly tarball no local data for require-directory@https://registry.npmjs.org/require-directory/-/require-directory-2.1.1.tgz. Extracting by manifest.
1905 silly tarball no local data for string-width@https://registry.npmjs.org/string-width/-/string-width-4.2.3.tgz. Extracting by manifest.
1906 silly tarball no local data for get-caller-file@https://registry.npmjs.org/get-caller-file/-/get-caller-file-2.0.5.tgz. Extracting by manifest.
1907 silly tarball no local data for webidl-conversions@https://registry.npmjs.org/webidl-conversions/-/webidl-conversions-3.0.1.tgz. Extracting by manifest.
1908 http cache postcss@https://registry.npmjs.org/postcss/-/postcss-8.4.31.tgz 0ms (cache hit)
1909 silly tarball no local data for cliui@https://registry.npmjs.org/cliui/-/cliui-8.0.1.tgz. Extracting by manifest.
1910 silly tarball no local data for tr46@https://registry.npmjs.org/tr46/-/tr46-0.0.3.tgz. Extracting by manifest.
1911 silly tarball no local data for media-typer@https://registry.npmjs.org/media-typer/-/media-typer-0.3.0.tgz. Extracting by manifest.
1912 silly tarball no local data for websocket-extensions@https://registry.npmjs.org/websocket-extensions/-/websocket-extensions-0.1.4.tgz. Extracting by manifest.
1913 silly tarball no local data for http-parser-js@https://registry.npmjs.org/http-parser-js/-/http-parser-js-0.5.10.tgz. Extracting by manifest.
1914 silly tarball no local data for stubs@https://registry.npmjs.org/stubs/-/stubs-3.0.0.tgz. Extracting by manifest.
1915 silly tarball no local data for @tootallnate/once@https://registry.npmjs.org/@tootallnate/once/-/once-2.0.1.tgz. Extracting by manifest.
1916 silly tarball no local data for stream-events@https://registry.npmjs.org/stream-events/-/stream-events-1.0.5.tgz. Extracting by manifest.
1917 silly tarball no local data for util-deprecate@https://registry.npmjs.org/util-deprecate/-/util-deprecate-1.0.2.tgz. Extracting by manifest.
1918 silly tarball no local data for string_decoder@https://registry.npmjs.org/string_decoder/-/string_decoder-1.3.0.tgz. Extracting by manifest.
1919 silly tarball no local data for ipaddr.js@https://registry.npmjs.org/ipaddr.js/-/ipaddr.js-1.9.1.tgz. Extracting by manifest.
1920 http cache lru-cache@https://registry.npmjs.org/lru-cache/-/lru-cache-6.0.0.tgz 0ms (cache hit)
1921 silly tarball no local data for uc.micro@https://registry.npmjs.org/uc.micro/-/uc.micro-2.1.0.tgz. Extracting by manifest.
1922 silly tarball no local data for punycode.js@https://registry.npmjs.org/punycode.js/-/punycode.js-2.3.1.tgz. Extracting by manifest.
1923 silly tarball no local data for mdurl@https://registry.npmjs.org/mdurl/-/mdurl-2.1.0.tgz. Extracting by manifest.
1924 silly tarball no local data for entities@https://registry.npmjs.org/entities/-/entities-4.5.0.tgz. Extracting by manifest.
1925 silly tarball no local data for xmlcreate@https://registry.npmjs.org/xmlcreate/-/xmlcreate-2.0.4.tgz. Extracting by manifest.
1926 silly tarball no local data for @types/mdurl@https://registry.npmjs.org/@types/mdurl/-/mdurl-2.0.0.tgz. Extracting by manifest.
1927 silly tarball no local data for @types/linkify-it@https://registry.npmjs.org/@types/linkify-it/-/linkify-it-5.0.0.tgz. Extracting by manifest.
1928 silly tarball no local data for lodash@https://registry.npmjs.org/lodash/-/lodash-4.18.1.tgz. Extracting by manifest.
1929 silly tarball no local data for underscore@https://registry.npmjs.org/underscore/-/underscore-1.13.8.tgz. Extracting by manifest.
1930 silly tarball no local data for mkdirp@https://registry.npmjs.org/mkdirp/-/mkdirp-1.0.4.tgz. Extracting by manifest.
1931 silly tarball no local data for http-proxy-agent@https://registry.npmjs.org/http-proxy-agent/-/http-proxy-agent-5.0.0.tgz. Extracting by manifest.
1932 silly tarball no local data for requizzle@https://registry.npmjs.org/requizzle/-/requizzle-0.2.4.tgz. Extracting by manifest.
1933 silly tarball no local data for marked@https://registry.npmjs.org/marked/-/marked-4.3.0.tgz. Extracting by manifest.
1934 silly tarball no local data for markdown-it@https://registry.npmjs.org/markdown-it/-/markdown-it-14.3.0.tgz. Extracting by manifest.
1935 silly tarball no local data for forwarded@https://registry.npmjs.org/forwarded/-/forwarded-0.2.0.tgz. Extracting by manifest.
1936 silly tarball no local data for klaw@https://registry.npmjs.org/klaw/-/klaw-3.0.0.tgz. Extracting by manifest.
1937 silly tarball no local data for markdown-it-anchor@https://registry.npmjs.org/markdown-it-anchor/-/markdown-it-anchor-8.6.7.tgz. Extracting by manifest.
1938 silly tarball no local data for linkify-it@https://registry.npmjs.org/linkify-it/-/linkify-it-5.0.2.tgz. Extracting by manifest.
1939 silly tarball no local data for js2xmlparser@https://registry.npmjs.org/js2xmlparser/-/js2xmlparser-4.0.2.tgz. Extracting by manifest.
1940 silly tarball no local data for @jsdoc/salty@https://registry.npmjs.org/@jsdoc/salty/-/salty-0.2.12.tgz. Extracting by manifest.
1941 silly tarball no local data for esprima@https://registry.npmjs.org/esprima/-/esprima-4.0.1.tgz. Extracting by manifest.
1942 silly tarball no local data for inflight@https://registry.npmjs.org/inflight/-/inflight-1.0.6.tgz. Extracting by manifest.
1943 silly tarball no local data for source-map@https://registry.npmjs.org/source-map/-/source-map-0.6.1.tgz. Extracting by manifest.
1944 silly tarball no local data for uglify-js@https://registry.npmjs.org/uglify-js/-/uglify-js-3.19.3.tgz. Extracting by manifest.
1945 silly tarball no local data for jsdoc@https://registry.npmjs.org/jsdoc/-/jsdoc-4.0.5.tgz. Extracting by manifest.
1946 silly tarball no local data for bluebird@https://registry.npmjs.org/bluebird/-/bluebird-3.7.2.tgz. Extracting by manifest.
1947 silly tarball no local data for catharsis@https://registry.npmjs.org/catharsis/-/catharsis-0.9.0.tgz. Extracting by manifest.
1948 silly tarball no local data for @protobufjs/utf8@https://registry.npmjs.org/@protobufjs/utf8/-/utf8-1.1.2.tgz. Extracting by manifest.
1949 silly tarball no local data for glob@https://registry.npmjs.org/glob/-/glob-8.1.0.tgz. Extracting by manifest.
1950 silly tarball no local data for fs.realpath@https://registry.npmjs.org/fs.realpath/-/fs.realpath-1.0.0.tgz. Extracting by manifest.
1951 silly tarball no local data for @protobufjs/path@https://registry.npmjs.org/@protobufjs/path/-/path-1.1.2.tgz. Extracting by manifest.
1952 silly tarball no local data for @protobufjs/pool@https://registry.npmjs.org/@protobufjs/pool/-/pool-1.1.0.tgz. Extracting by manifest.
1953 silly tarball no local data for escodegen@https://registry.npmjs.org/escodegen/-/escodegen-1.14.3.tgz. Extracting by manifest.
1954 silly tarball no local data for @types/markdown-it@https://registry.npmjs.org/@types/markdown-it/-/markdown-it-14.1.2.tgz. Extracting by manifest.
1955 silly tarball no local data for @protobufjs/float@https://registry.npmjs.org/@protobufjs/float/-/float-1.0.2.tgz. Extracting by manifest.
1956 silly tarball no local data for @protobufjs/base64@https://registry.npmjs.org/@protobufjs/base64/-/base64-1.1.2.tgz. Extracting by manifest.
1957 silly tarball no local data for @protobufjs/fetch@https://registry.npmjs.org/@protobufjs/fetch/-/fetch-1.1.1.tgz. Extracting by manifest.
1958 silly tarball no local data for @protobufjs/aspromise@https://registry.npmjs.org/@protobufjs/aspromise/-/aspromise-1.1.2.tgz. Extracting by manifest.
1959 silly tarball no local data for wrappy@https://registry.npmjs.org/wrappy/-/wrappy-1.0.2.tgz. Extracting by manifest.
1960 silly tarball no local data for buffer-equal-constant-time@https://registry.npmjs.org/buffer-equal-constant-time/-/buffer-equal-constant-time-1.0.1.tgz. Extracting by manifest.
1961 silly tarball no local data for @protobufjs/eventemitter@https://registry.npmjs.org/@protobufjs/eventemitter/-/eventemitter-1.1.1.tgz. Extracting by manifest.
1962 silly tarball no local data for @protobufjs/codegen@https://registry.npmjs.org/@protobufjs/codegen/-/codegen-2.0.5.tgz. Extracting by manifest.
1963 silly tarball no local data for whatwg-url@https://registry.npmjs.org/whatwg-url/-/whatwg-url-5.0.0.tgz. Extracting by manifest.
1964 silly tarball no local data for lodash.clonedeep@https://registry.npmjs.org/lodash.clonedeep/-/lodash.clonedeep-4.5.0.tgz. Extracting by manifest.
1965 silly tarball no local data for ee-first@https://registry.npmjs.org/ee-first/-/ee-first-1.1.1.tgz. Extracting by manifest.
1966 silly tarball no local data for jwa@https://registry.npmjs.org/jwa/-/jwa-2.0.1.tgz. Extracting by manifest.
1967 silly tarball no local data for lru-memoizer@https://registry.npmjs.org/lru-memoizer/-/lru-memoizer-2.3.0.tgz. Extracting by manifest.
1968 silly tarball no local data for @types/ms@https://registry.npmjs.org/@types/ms/-/ms-2.1.0.tgz. Extracting by manifest.
1969 silly tarball no local data for jose@https://registry.npmjs.org/jose/-/jose-4.15.9.tgz. Extracting by manifest.
1970 silly tarball no local data for limiter@https://registry.npmjs.org/limiter/-/limiter-1.1.5.tgz. Extracting by manifest.
1971 silly tarball no local data for lodash.once@https://registry.npmjs.org/lodash.once/-/lodash.once-4.1.1.tgz. Extracting by manifest.
1972 silly tarball no local data for lodash.isnumber@https://registry.npmjs.org/lodash.isnumber/-/lodash.isnumber-3.0.3.tgz. Extracting by manifest.
1973 silly tarball no local data for lodash.isstring@https://registry.npmjs.org/lodash.isstring/-/lodash.isstring-4.0.1.tgz. Extracting by manifest.
1974 silly tarball no local data for lodash.isinteger@https://registry.npmjs.org/lodash.isinteger/-/lodash.isinteger-4.0.4.tgz. Extracting by manifest.
1975 silly tarball no local data for @types/jsonwebtoken@https://registry.npmjs.org/@types/jsonwebtoken/-/jsonwebtoken-9.0.10.tgz. Extracting by manifest.
1976 silly tarball no local data for lodash.isboolean@https://registry.npmjs.org/lodash.isboolean/-/lodash.isboolean-3.0.3.tgz. Extracting by manifest.
1977 silly tarball no local data for bignumber.js@https://registry.npmjs.org/bignumber.js/-/bignumber.js-9.3.1.tgz. Extracting by manifest.
1978 silly tarball no local data for safer-buffer@https://registry.npmjs.org/safer-buffer/-/safer-buffer-2.1.2.tgz. Extracting by manifest.
1979 silly tarball no local data for agent-base@https://registry.npmjs.org/agent-base/-/agent-base-6.0.2.tgz. Extracting by manifest.
1980 silly tarball no local data for lodash.isplainobject@https://registry.npmjs.org/lodash.isplainobject/-/lodash.isplainobject-4.0.6.tgz. Extracting by manifest.
1981 silly tarball no local data for tmp@https://registry.npmjs.org/tmp/-/tmp-0.2.7.tgz. Extracting by manifest.
1982 silly tarball no local data for toidentifier@https://registry.npmjs.org/toidentifier/-/toidentifier-1.0.1.tgz. Extracting by manifest.
1983 silly tarball no local data for google-p12-pem@https://registry.npmjs.org/google-p12-pem/-/google-p12-pem-4.0.1.tgz. Extracting by manifest.
1984 silly tarball no local data for @types/minimatch@https://registry.npmjs.org/@types/minimatch/-/minimatch-5.1.2.tgz. Extracting by manifest.
1985 silly tarball no local data for yargs@https://registry.npmjs.org/yargs/-/yargs-17.7.3.tgz. Extracting by manifest.
1986 silly tarball no local data for proto3-json-serializer@https://registry.npmjs.org/proto3-json-serializer/-/proto3-json-serializer-1.1.1.tgz. Extracting by manifest.
1987 silly tarball no local data for @types/glob@https://registry.npmjs.org/@types/glob/-/glob-8.1.0.tgz. Extracting by manifest.
1988 silly tarball no local data for long@https://registry.npmjs.org/long/-/long-5.3.2.tgz. Extracting by manifest.
1989 silly tarball no local data for lodash.camelcase@https://registry.npmjs.org/lodash.camelcase/-/lodash.camelcase-4.3.0.tgz. Extracting by manifest.
1990 silly tarball no local data for @types/rimraf@https://registry.npmjs.org/@types/rimraf/-/rimraf-3.0.2.tgz. Extracting by manifest.
1991 silly tarball no local data for protobufjs-cli@https://registry.npmjs.org/protobufjs-cli/-/protobufjs-cli-1.1.1.tgz. Extracting by manifest.
1992 silly tarball no local data for object-hash@https://registry.npmjs.org/object-hash/-/object-hash-3.0.0.tgz. Extracting by manifest.
1993 silly tarball no local data for @grpc/proto-loader@https://registry.npmjs.org/@grpc/proto-loader/-/proto-loader-0.7.15.tgz. Extracting by manifest.
1994 silly tarball no local data for @grpc/grpc-js@https://registry.npmjs.org/@grpc/grpc-js/-/grpc-js-1.8.22.tgz. Extracting by manifest.
1995 silly tarball no local data for @types/long@https://registry.npmjs.org/@types/long/-/long-4.0.2.tgz. Extracting by manifest.
1996 silly tarball no local data for gtoken@https://registry.npmjs.org/gtoken/-/gtoken-6.1.2.tgz. Extracting by manifest.
1997 silly tarball no local data for jws@https://registry.npmjs.org/jws/-/jws-4.0.1.tgz. Extracting by manifest.
1998 silly tarball no local data for gcp-metadata@https://registry.npmjs.org/gcp-metadata/-/gcp-metadata-5.3.0.tgz. Extracting by manifest.
1999 silly tarball no local data for fast-text-encoding@https://registry.npmjs.org/fast-text-encoding/-/fast-text-encoding-1.0.6.tgz. Extracting by manifest.
2000 silly tarball no local data for is-stream-ended@https://registry.npmjs.org/is-stream-ended/-/is-stream-ended-0.1.4.tgz. Extracting by manifest.
2001 silly tarball no local data for json-bigint@https://registry.npmjs.org/json-bigint/-/json-bigint-1.0.0.tgz. Extracting by manifest.
2002 silly tarball no local data for base64-js@https://registry.npmjs.org/base64-js/-/base64-js-1.5.1.tgz. Extracting by manifest.
2003 silly tarball no local data for https-proxy-agent@https://registry.npmjs.org/https-proxy-agent/-/https-proxy-agent-5.0.1.tgz. Extracting by manifest.
2004 silly tarball no local data for raw-body@https://registry.npmjs.org/raw-body/-/raw-body-2.5.3.tgz. Extracting by manifest.
2005 silly tarball no local data for node-fetch@https://registry.npmjs.org/node-fetch/-/node-fetch-2.7.0.tgz. Extracting by manifest.
2006 silly tarball no local data for unpipe@https://registry.npmjs.org/unpipe/-/unpipe-1.0.0.tgz. Extracting by manifest.
2007 silly tarball no local data for iconv-lite@https://registry.npmjs.org/iconv-lite/-/iconv-lite-0.4.24.tgz. Extracting by manifest.
2008 silly tarball no local data for bytes@https://registry.npmjs.org/bytes/-/bytes-3.1.2.tgz. Extracting by manifest.
2009 silly tarball no local data for destroy@https://registry.npmjs.org/destroy/-/destroy-1.2.0.tgz. Extracting by manifest.
2010 silly tarball no local data for is-stream@https://registry.npmjs.org/is-stream/-/is-stream-2.0.1.tgz. Extracting by manifest.
2011 silly tarball no local data for ecdsa-sig-formatter@https://registry.npmjs.org/ecdsa-sig-formatter/-/ecdsa-sig-formatter-1.0.11.tgz. Extracting by manifest.
2012 silly tarball no local data for negotiator@https://registry.npmjs.org/negotiator/-/negotiator-0.6.3.tgz. Extracting by manifest.
2013 silly tarball no local data for type-is@https://registry.npmjs.org/type-is/-/type-is-1.6.18.tgz. Extracting by manifest.
2014 silly tarball no local data for setprototypeof@https://registry.npmjs.org/setprototypeof/-/setprototypeof-1.2.0.tgz. Extracting by manifest.
2015 silly tarball no local data for statuses@https://registry.npmjs.org/statuses/-/statuses-2.0.2.tgz. Extracting by manifest.
2016 silly tarball no local data for serve-static@https://registry.npmjs.org/serve-static/-/serve-static-1.16.3.tgz. Extracting by manifest.
2017 silly tarball no local data for safe-buffer@https://registry.npmjs.org/safe-buffer/-/safe-buffer-5.2.1.tgz. Extracting by manifest.
2018 silly tarball no local data for send@https://registry.npmjs.org/send/-/send-0.19.2.tgz. Extracting by manifest.
2019 silly tarball no local data for range-parser@https://registry.npmjs.org/range-parser/-/range-parser-1.2.1.tgz. Extracting by manifest.
2020 silly tarball no local data for utils-merge@https://registry.npmjs.org/utils-merge/-/utils-merge-1.0.1.tgz. Extracting by manifest.
2021 silly tarball no local data for proxy-addr@https://registry.npmjs.org/proxy-addr/-/proxy-addr-2.0.7.tgz. Extracting by manifest.
2022 silly tarball no local data for path-to-regexp@https://registry.npmjs.org/path-to-regexp/-/path-to-regexp-0.1.13.tgz. Extracting by manifest.
2023 silly tarball no local data for qs@https://registry.npmjs.org/qs/-/qs-6.15.3.tgz. Extracting by manifest.
2024 silly tarball no local data for parseurl@https://registry.npmjs.org/parseurl/-/parseurl-1.3.3.tgz. Extracting by manifest.
2025 silly tarball no local data for on-finished@https://registry.npmjs.org/on-finished/-/on-finished-2.4.1.tgz. Extracting by manifest.
2026 silly tarball no local data for methods@https://registry.npmjs.org/methods/-/methods-1.1.2.tgz. Extracting by manifest.
2027 silly tarball no local data for merge-descriptors@https://registry.npmjs.org/merge-descriptors/-/merge-descriptors-1.0.3.tgz. Extracting by manifest.
2028 silly tarball no local data for http-errors@https://registry.npmjs.org/http-errors/-/http-errors-2.0.1.tgz. Extracting by manifest.
2029 silly tarball no local data for etag@https://registry.npmjs.org/etag/-/etag-1.8.1.tgz. Extracting by manifest.
2030 silly tarball no local data for finalhandler@https://registry.npmjs.org/finalhandler/-/finalhandler-1.3.2.tgz. Extracting by manifest.
2031 silly tarball no local data for fresh@https://registry.npmjs.org/fresh/-/fresh-0.5.2.tgz. Extracting by manifest.
2032 silly tarball no local data for encodeurl@https://registry.npmjs.org/encodeurl/-/encodeurl-2.0.0.tgz. Extracting by manifest.
2033 silly tarball no local data for content-type@https://registry.npmjs.org/content-type/-/content-type-1.0.5.tgz. Extracting by manifest.
2034 silly tarball no local data for depd@https://registry.npmjs.org/depd/-/depd-2.0.0.tgz. Extracting by manifest.
2035 silly tarball no local data for escape-html@https://registry.npmjs.org/escape-html/-/escape-html-1.0.3.tgz. Extracting by manifest.
2036 silly tarball no local data for cookie-signature@https://registry.npmjs.org/cookie-signature/-/cookie-signature-1.0.7.tgz. Extracting by manifest.
2037 silly tarball no local data for array-flatten@https://registry.npmjs.org/array-flatten/-/array-flatten-1.1.1.tgz. Extracting by manifest.
2038 silly tarball no local data for content-disposition@https://registry.npmjs.org/content-disposition/-/content-disposition-0.5.4.tgz. Extracting by manifest.
2039 silly tarball no local data for body-parser@https://registry.npmjs.org/body-parser/-/body-parser-1.20.6.tgz. Extracting by manifest.
2040 silly tarball no local data for accepts@https://registry.npmjs.org/accepts/-/accepts-1.3.8.tgz. Extracting by manifest.
2041 silly tarball no local data for @types/http-errors@https://registry.npmjs.org/@types/http-errors/-/http-errors-2.0.5.tgz. Extracting by manifest.
2042 silly tarball no local data for vary@https://registry.npmjs.org/vary/-/vary-1.1.2.tgz. Extracting by manifest.
2043 silly tarball no local data for @types/send@https://registry.npmjs.org/@types/send/-/send-1.2.1.tgz. Extracting by manifest.
2044 silly tarball no local data for @types/range-parser@https://registry.npmjs.org/@types/range-parser/-/range-parser-1.2.7.tgz. Extracting by manifest.
2045 silly tarball no local data for @types/express-serve-static-core@https://registry.npmjs.org/@types/express-serve-static-core/-/express-serve-static-core-4.19.9.tgz. Extracting by manifest.
2046 silly tarball no local data for @types/serve-static@https://registry.npmjs.org/@types/serve-static/-/serve-static-1.15.10.tgz. Extracting by manifest.
2047 silly tarball no local data for @types/connect@https://registry.npmjs.org/@types/connect/-/connect-3.4.38.tgz. Extracting by manifest.
2048 silly tarball no local data for @types/qs@https://registry.npmjs.org/@types/qs/-/qs-6.15.1.tgz. Extracting by manifest.
2049 silly tarball no local data for lodash.includes@https://registry.npmjs.org/lodash.includes/-/lodash.includes-4.3.0.tgz. Extracting by manifest.
2050 silly tarball no local data for cors@https://registry.npmjs.org/cors/-/cors-2.8.6.tgz. Extracting by manifest.
2051 silly tarball no local data for @types/express@https://registry.npmjs.org/@types/express/-/express-4.17.25.tgz. Extracting by manifest.
2052 silly tarball no local data for @types/cors@https://registry.npmjs.org/@types/cors/-/cors-2.8.19.tgz. Extracting by manifest.
2053 silly tarball no local data for @types/body-parser@https://registry.npmjs.org/@types/body-parser/-/body-parser-1.19.6.tgz. Extracting by manifest.
2054 silly tarball no local data for express@https://registry.npmjs.org/express/-/express-4.22.2.tgz. Extracting by manifest.
2055 silly tarball no local data for @hapi/hoek@https://registry.npmjs.org/@hapi/hoek/-/hoek-11.0.7.tgz. Extracting by manifest.
2056 silly tarball no local data for @hapi/boom@https://registry.npmjs.org/@hapi/boom/-/boom-10.0.1.tgz. Extracting by manifest.
2057 silly tarball no local data for @hapi/accept@https://registry.npmjs.org/@hapi/accept/-/accept-6.0.3.tgz. Extracting by manifest.
2058 silly tarball no local data for websocket-driver@https://registry.npmjs.org/websocket-driver/-/websocket-driver-0.7.5.tgz. Extracting by manifest.
2059 silly tarball no local data for cookie@https://registry.npmjs.org/cookie/-/cookie-0.5.0.tgz. Extracting by manifest.
2060 silly tarball no local data for strnum@https://registry.npmjs.org/strnum/-/strnum-1.1.2.tgz. Extracting by manifest.
2061 silly tarball no local data for stream-shift@https://registry.npmjs.org/stream-shift/-/stream-shift-1.0.3.tgz. Extracting by manifest.
2062 silly tarball no local data for once@https://registry.npmjs.org/once/-/once-1.4.0.tgz. Extracting by manifest.
2063 silly tarball no local data for readable-stream@https://registry.npmjs.org/readable-stream/-/readable-stream-3.6.2.tgz. Extracting by manifest.
2064 silly tarball no local data for retry@https://registry.npmjs.org/retry/-/retry-0.13.1.tgz. Extracting by manifest.
2065 silly tarball no local data for mime-db@https://registry.npmjs.org/mime-db/-/mime-db-1.54.0.tgz. Extracting by manifest.
2066 silly tarball no local data for event-target-shim@https://registry.npmjs.org/event-target-shim/-/event-target-shim-5.0.1.tgz. Extracting by manifest.
2067 silly tarball no local data for retry-request@https://registry.npmjs.org/retry-request/-/retry-request-5.0.2.tgz. Extracting by manifest.
2068 silly tarball no local data for teeny-request@https://registry.npmjs.org/teeny-request/-/teeny-request-8.0.3.tgz. Extracting by manifest.
2069 silly tarball no local data for inherits@https://registry.npmjs.org/inherits/-/inherits-2.0.4.tgz. Extracting by manifest.
2070 silly tarball no local data for end-of-stream@https://registry.npmjs.org/end-of-stream/-/end-of-stream-1.4.5.tgz. Extracting by manifest.
2071 silly tarball no local data for arrify@https://registry.npmjs.org/arrify/-/arrify-2.0.1.tgz. Extracting by manifest.
2072 silly tarball no local data for gaxios@https://registry.npmjs.org/gaxios/-/gaxios-5.1.3.tgz. Extracting by manifest.
2073 silly tarball no local data for fast-xml-parser@https://registry.npmjs.org/fast-xml-parser/-/fast-xml-parser-4.5.7.tgz. Extracting by manifest.
2074 silly tarball no local data for mime-types@https://registry.npmjs.org/mime-types/-/mime-types-2.1.35.tgz. Extracting by manifest.
2075 silly tarball no local data for ent@https://registry.npmjs.org/ent/-/ent-2.2.2.tgz. Extracting by manifest.
2076 silly tarball no local data for extend@https://registry.npmjs.org/extend/-/extend-3.0.2.tgz. Extracting by manifest.
2077 silly tarball no local data for mime@https://registry.npmjs.org/mime/-/mime-3.0.0.tgz. Extracting by manifest.
2078 silly tarball no local data for google-auth-library@https://registry.npmjs.org/google-auth-library/-/google-auth-library-8.9.0.tgz. Extracting by manifest.
2079 silly tarball no local data for compressible@https://registry.npmjs.org/compressible/-/compressible-2.0.18.tgz. Extracting by manifest.
2080 silly tarball no local data for async-retry@https://registry.npmjs.org/async-retry/-/async-retry-1.3.3.tgz. Extracting by manifest.
2081 silly tarball no local data for duplexify@https://registry.npmjs.org/duplexify/-/duplexify-4.1.3.tgz. Extracting by manifest.
2082 silly tarball no local data for @google-cloud/promisify@https://registry.npmjs.org/@google-cloud/promisify/-/promisify-3.0.1.tgz. Extracting by manifest.
2083 silly tarball no local data for abort-controller@https://registry.npmjs.org/abort-controller/-/abort-controller-3.0.0.tgz. Extracting by manifest.
2084 silly tarball no local data for @google-cloud/projectify@https://registry.npmjs.org/@google-cloud/projectify/-/projectify-3.0.0.tgz. Extracting by manifest.
2085 silly tarball no local data for @google-cloud/paginator@https://registry.npmjs.org/@google-cloud/paginator/-/paginator-3.0.7.tgz. Extracting by manifest.
2086 silly tarball no local data for protobufjs@https://registry.npmjs.org/protobufjs/-/protobufjs-7.6.5.tgz. Extracting by manifest.
2087 silly tarball no local data for @firebase/app-types@https://registry.npmjs.org/@firebase/app-types/-/app-types-0.9.0.tgz. Extracting by manifest.
2088 silly tarball no local data for @firebase/util@https://registry.npmjs.org/@firebase/util/-/util-1.9.3.tgz. Extracting by manifest.
2089 silly tarball no local data for @firebase/auth-interop-types@https://registry.npmjs.org/@firebase/auth-interop-types/-/auth-interop-types-0.2.1.tgz. Extracting by manifest.
2090 silly tarball no local data for @firebase/database@https://registry.npmjs.org/@firebase/database/-/database-0.14.4.tgz. Extracting by manifest.
2091 silly tarball no local data for @firebase/logger@https://registry.npmjs.org/@firebase/logger/-/logger-0.4.0.tgz. Extracting by manifest.
2092 silly tarball no local data for google-gax@https://registry.npmjs.org/google-gax/-/google-gax-3.6.1.tgz. Extracting by manifest.
2093 silly tarball no local data for faye-websocket@https://registry.npmjs.org/faye-websocket/-/faye-websocket-0.11.4.tgz. Extracting by manifest.
2094 silly tarball no local data for @firebase/component@https://registry.npmjs.org/@firebase/component/-/component-0.6.4.tgz. Extracting by manifest.
2095 silly tarball no local data for functional-red-black-tree@https://registry.npmjs.org/functional-red-black-tree/-/functional-red-black-tree-1.0.1.tgz. Extracting by manifest.
2096 silly tarball no local data for text-decoding@https://registry.npmjs.org/text-decoding/-/text-decoding-1.0.0.tgz. Extracting by manifest.
2097 silly tarball no local data for uuid@https://registry.npmjs.org/uuid/-/uuid-9.0.1.tgz. Extracting by manifest.
2098 silly tarball no local data for jsonwebtoken@https://registry.npmjs.org/jsonwebtoken/-/jsonwebtoken-9.0.3.tgz. Extracting by manifest.
2099 silly tarball no local data for @google-cloud/storage@https://registry.npmjs.org/@google-cloud/storage/-/storage-6.12.0.tgz. Extracting by manifest.
2100 silly tarball no local data for @google-cloud/firestore@https://registry.npmjs.org/@google-cloud/firestore/-/firestore-6.8.0.tgz. Extracting by manifest.
2101 silly tarball no local data for node-forge@https://registry.npmjs.org/node-forge/-/node-forge-1.4.0.tgz. Extracting by manifest.
2102 silly tarball no local data for @firebase/database-types@https://registry.npmjs.org/@firebase/database-types/-/database-types-0.10.4.tgz. Extracting by manifest.
2103 silly tarball no local data for jwks-rsa@https://registry.npmjs.org/jwks-rsa/-/jwks-rsa-3.2.2.tgz. Extracting by manifest.
2104 silly tarball no local data for firebase-admin@https://registry.npmjs.org/firebase-admin/-/firebase-admin-11.11.1.tgz. Extracting by manifest.
2105 silly tarball no local data for yocto-queue@https://registry.npmjs.org/yocto-queue/-/yocto-queue-0.1.0.tgz. Extracting by manifest.
2106 silly tarball no local data for firebase-functions@https://registry.npmjs.org/firebase-functions/-/firebase-functions-6.6.0.tgz. Extracting by manifest.
2107 silly tarball no local data for word-wrap@https://registry.npmjs.org/word-wrap/-/word-wrap-1.2.5.tgz. Extracting by manifest.
2108 silly tarball no local data for @fastify/busboy@https://registry.npmjs.org/@fastify/busboy/-/busboy-1.2.1.tgz. Extracting by manifest.
2109 silly tarball no local data for undici-types@https://registry.npmjs.org/undici-types/-/undici-types-6.21.0.tgz. Extracting by manifest.
2110 silly tarball no local data for firebase-frameworks@https://registry.npmjs.org/firebase-frameworks/-/firebase-frameworks-0.11.8.tgz. Extracting by manifest.
2111 silly tarball no local data for @firebase/database-compat@https://registry.npmjs.org/@firebase/database-compat/-/database-compat-0.3.4.tgz. Extracting by manifest.
2112 silly tarball no local data for source-map-js@https://registry.npmjs.org/source-map-js/-/source-map-js-1.2.1.tgz. Extracting by manifest.
2113 silly tarball no local data for strip-json-comments@https://registry.npmjs.org/strip-json-comments/-/strip-json-comments-3.1.1.tgz. Extracting by manifest.
2114 silly tarball no local data for supports-color@https://registry.npmjs.org/supports-color/-/supports-color-7.2.0.tgz. Extracting by manifest.
2115 silly tarball no local data for styled-jsx@https://registry.npmjs.org/styled-jsx/-/styled-jsx-5.1.6.tgz. Extracting by manifest.
2116 silly tarball no local data for tslib@https://registry.npmjs.org/tslib/-/tslib-2.8.1.tgz. Extracting by manifest.
2117 silly tarball no local data for side-channel@https://registry.npmjs.org/side-channel/-/side-channel-1.1.1.tgz. Extracting by manifest.
2118 silly tarball no local data for side-channel-weakmap@https://registry.npmjs.org/side-channel-weakmap/-/side-channel-weakmap-1.0.2.tgz. Extracting by manifest.
2119 silly tarball no local data for side-channel-list@https://registry.npmjs.org/side-channel-list/-/side-channel-list-1.0.1.tgz. Extracting by manifest.
2120 silly tarball no local data for scheduler@https://registry.npmjs.org/scheduler/-/scheduler-0.27.0.tgz. Extracting by manifest.
2121 silly tarball no local data for side-channel-map@https://registry.npmjs.org/side-channel-map/-/side-channel-map-1.0.1.tgz. Extracting by manifest.
2122 silly tarball no local data for react-dom@https://registry.npmjs.org/react-dom/-/react-dom-19.2.4.tgz. Extracting by manifest.
2123 silly tarball no local data for robot3@https://registry.npmjs.org/robot3/-/robot3-0.4.1.tgz. Extracting by manifest.
2124 silly tarball no local data for react@https://registry.npmjs.org/react/-/react-19.2.4.tgz. Extracting by manifest.
2125 silly tarball no local data for picocolors@https://registry.npmjs.org/picocolors/-/picocolors-1.1.1.tgz. Extracting by manifest.
2126 silly tarball no local data for p-limit@https://registry.npmjs.org/p-limit/-/p-limit-3.1.0.tgz. Extracting by manifest.
2127 silly tarball no local data for next@https://registry.npmjs.org/next/-/next-16.2.10.tgz. Extracting by manifest.
2128 silly tarball no local data for safe-regex-test@https://registry.npmjs.org/safe-regex-test/-/safe-regex-test-1.1.0.tgz. Extracting by manifest.
2129 silly tarball no local data for server-only@https://registry.npmjs.org/server-only/-/server-only-0.0.1.tgz. Extracting by manifest.
2130 silly tarball no local data for object-inspect@https://registry.npmjs.org/object-inspect/-/object-inspect-1.13.4.tgz. Extracting by manifest.
2131 silly tarball no local data for promise-polyfill@https://registry.npmjs.org/promise-polyfill/-/promise-polyfill-8.3.0.tgz. Extracting by manifest.
2132 silly tarball no local data for minimist@https://registry.npmjs.org/minimist/-/minimist-1.2.8.tgz. Extracting by manifest.
2133 silly tarball no local data for ms@https://registry.npmjs.org/ms/-/ms-2.1.3.tgz. Extracting by manifest.
2134 silly tarball no local data for nanoid@https://registry.npmjs.org/nanoid/-/nanoid-3.3.16.tgz. Extracting by manifest.
2135 silly tarball no local data for object-assign@https://registry.npmjs.org/object-assign/-/object-assign-4.1.1.tgz. Extracting by manifest.
2136 silly tarball no local data for math-intrinsics@https://registry.npmjs.org/math-intrinsics/-/math-intrinsics-1.1.0.tgz. Extracting by manifest.
2137 silly tarball no local data for hi-base32@https://registry.npmjs.org/hi-base32/-/hi-base32-0.5.1.tgz. Extracting by manifest.
2138 silly tarball no local data for has-symbols@https://registry.npmjs.org/has-symbols/-/has-symbols-1.1.0.tgz. Extracting by manifest.
2139 silly tarball no local data for lucide-react@https://registry.npmjs.org/lucide-react/-/lucide-react-1.26.0.tgz. Extracting by manifest.
2140 silly tarball no local data for is-regex@https://registry.npmjs.org/is-regex/-/is-regex-1.2.1.tgz. Extracting by manifest.
2141 silly tarball no local data for graceful-fs@https://registry.npmjs.org/graceful-fs/-/graceful-fs-4.2.11.tgz. Extracting by manifest.
2142 silly tarball no local data for has-flag@https://registry.npmjs.org/has-flag/-/has-flag-4.0.0.tgz. Extracting by manifest.
2143 silly tarball no local data for has-tostringtag@https://registry.npmjs.org/has-tostringtag/-/has-tostringtag-1.0.2.tgz. Extracting by manifest.
2144 silly tarball no local data for hasown@https://registry.npmjs.org/hasown/-/hasown-2.0.4.tgz. Extracting by manifest.
2145 silly tarball no local data for get-proto@https://registry.npmjs.org/get-proto/-/get-proto-1.0.1.tgz. Extracting by manifest.
2146 silly tarball no local data for function-bind@https://registry.npmjs.org/function-bind/-/function-bind-1.1.2.tgz. Extracting by manifest.
2147 silly tarball no local data for fast-levenshtein@https://registry.npmjs.org/fast-levenshtein/-/fast-levenshtein-2.0.6.tgz. Extracting by manifest.
2148 silly tarball no local data for eventsource-parser@https://registry.npmjs.org/eventsource-parser/-/eventsource-parser-1.1.2.tgz. Extracting by manifest.
2149 silly tarball no local data for fast-deep-equal@https://registry.npmjs.org/fast-deep-equal/-/fast-deep-equal-3.1.3.tgz. Extracting by manifest.
2150 silly tarball no local data for get-intrinsic@https://registry.npmjs.org/get-intrinsic/-/get-intrinsic-1.3.0.tgz. Extracting by manifest.
2151 silly tarball no local data for es-object-atoms@https://registry.npmjs.org/es-object-atoms/-/es-object-atoms-1.1.2.tgz. Extracting by manifest.
2152 silly tarball no local data for esutils@https://registry.npmjs.org/esutils/-/esutils-2.0.3.tgz. Extracting by manifest.
2153 silly tarball no local data for escalade@https://registry.npmjs.org/escalade/-/escalade-3.2.0.tgz. Extracting by manifest.
2154 silly tarball no local data for es-errors@https://registry.npmjs.org/es-errors/-/es-errors-1.3.0.tgz. Extracting by manifest.
2155 silly tarball no local data for dunder-proto@https://registry.npmjs.org/dunder-proto/-/dunder-proto-1.0.1.tgz. Extracting by manifest.
2156 silly tarball no local data for debug@https://registry.npmjs.org/debug/-/debug-4.4.3.tgz. Extracting by manifest.
2157 silly tarball no local data for detect-libc@https://registry.npmjs.org/detect-libc/-/detect-libc-2.1.2.tgz. Extracting by manifest.
2158 silly tarball no local data for estraverse@https://registry.npmjs.org/estraverse/-/estraverse-5.3.0.tgz. Extracting by manifest.
2159 silly tarball no local data for color-name@https://registry.npmjs.org/color-name/-/color-name-1.1.4.tgz. Extracting by manifest.
2160 silly tarball no local data for deep-is@https://registry.npmjs.org/deep-is/-/deep-is-0.1.4.tgz. Extracting by manifest.
2161 silly tarball no local data for es-define-property@https://registry.npmjs.org/es-define-property/-/es-define-property-1.0.1.tgz. Extracting by manifest.
2162 silly tarball no local data for gopd@https://registry.npmjs.org/gopd/-/gopd-1.2.0.tgz. Extracting by manifest.
2163 silly tarball no local data for chalk@https://registry.npmjs.org/chalk/-/chalk-4.1.2.tgz. Extracting by manifest.
2164 silly tarball no local data for color-convert@https://registry.npmjs.org/color-convert/-/color-convert-2.0.1.tgz. Extracting by manifest.
2165 silly tarball no local data for call-bound@https://registry.npmjs.org/call-bound/-/call-bound-1.0.4.tgz. Extracting by manifest.
2166 silly tarball no local data for balanced-match@https://registry.npmjs.org/balanced-match/-/balanced-match-1.0.2.tgz. Extracting by manifest.
2167 silly tarball no local data for call-bind-apply-helpers@https://registry.npmjs.org/call-bind-apply-helpers/-/call-bind-apply-helpers-1.0.2.tgz. Extracting by manifest.
2168 silly tarball no local data for client-only@https://registry.npmjs.org/client-only/-/client-only-0.0.1.tgz. Extracting by manifest.
2169 silly tarball no local data for ansi-styles@https://registry.npmjs.org/ansi-styles/-/ansi-styles-4.3.0.tgz. Extracting by manifest.
2170 silly tarball no local data for argparse@https://registry.npmjs.org/argparse/-/argparse-2.0.1.tgz. Extracting by manifest.
2171 silly tarball no local data for @types/node@https://registry.npmjs.org/@types/node/-/node-20.19.43.tgz. Extracting by manifest.
2172 silly tarball no local data for acorn@https://registry.npmjs.org/acorn/-/acorn-8.17.0.tgz. Extracting by manifest.
2173 silly tarball no local data for baseline-browser-mapping@https://registry.npmjs.org/baseline-browser-mapping/-/baseline-browser-mapping-2.10.44.tgz. Extracting by manifest.
2174 silly tarball no local data for @swc/helpers@https://registry.npmjs.org/@swc/helpers/-/helpers-0.5.15.tgz. Extracting by manifest.
2175 silly tarball no local data for @paypal/sdk-constants@https://registry.npmjs.org/@paypal/sdk-constants/-/sdk-constants-1.0.158.tgz. Extracting by manifest.
2176 silly tarball no local data for @paypal/react-paypal-js@https://registry.npmjs.org/@paypal/react-paypal-js/-/react-paypal-js-10.1.2.tgz. Extracting by manifest.
2177 silly tarball no local data for @paypal/paypal-js@https://registry.npmjs.org/@paypal/paypal-js/-/paypal-js-10.0.3.tgz. Extracting by manifest.
2178 silly tarball no local data for @next/swc-darwin-arm64@https://registry.npmjs.org/@next/swc-darwin-arm64/-/swc-darwin-arm64-16.2.10.tgz. Extracting by manifest.
2179 silly tarball no local data for @next/env@https://registry.npmjs.org/@next/env/-/env-16.2.10.tgz. Extracting by manifest.
2180 silly tarball no local data for @fal-ai/client@https://registry.npmjs.org/@fal-ai/client/-/client-1.10.1.tgz. Extracting by manifest.
2181 silly tarball no local data for acorn-jsx@https://registry.npmjs.org/acorn-jsx/-/acorn-jsx-5.3.2.tgz. Extracting by manifest.
2182 silly tarball no local data for @babel/types@https://registry.npmjs.org/@babel/types/-/types-7.29.7.tgz. Extracting by manifest.
2183 silly tarball no local data for @msgpack/msgpack@https://registry.npmjs.org/@msgpack/msgpack/-/msgpack-3.1.3.tgz. Extracting by manifest.
2184 silly tarball no local data for @babel/parser@https://registry.npmjs.org/@babel/parser/-/parser-7.29.7.tgz. Extracting by manifest.
2185 silly tarball no local data for @babel/helper-validator-identifier@https://registry.npmjs.org/@babel/helper-validator-identifier/-/helper-validator-identifier-7.29.7.tgz. Extracting by manifest.
2186 silly tarball no local data for @babel/helper-string-parser@https://registry.npmjs.org/@babel/helper-string-parser/-/helper-string-parser-7.29.7.tgz. Extracting by manifest.
2187 silly tarball no local data for minimatch@https://registry.npmjs.org/minimatch/-/minimatch-5.1.9.tgz. Extracting by manifest.
2188 silly tarball no local data for emoji-regex@https://registry.npmjs.org/emoji-regex/-/emoji-regex-8.0.0.tgz. Extracting by manifest.
2189 silly tarball no local data for brace-expansion@https://registry.npmjs.org/brace-expansion/-/brace-expansion-2.1.2.tgz. Extracting by manifest.
2190 silly tarball no local data for type-check@https://registry.npmjs.org/type-check/-/type-check-0.3.2.tgz. Extracting by manifest.
2191 silly tarball no local data for levn@https://registry.npmjs.org/levn/-/levn-0.3.0.tgz. Extracting by manifest.
2192 silly tarball no local data for escape-string-regexp@https://registry.npmjs.org/escape-string-regexp/-/escape-string-regexp-2.0.0.tgz. Extracting by manifest.
2193 silly tarball no local data for optionator@https://registry.npmjs.org/optionator/-/optionator-0.8.3.tgz. Extracting by manifest.
2194 silly tarball no local data for prelude-ls@https://registry.npmjs.org/prelude-ls/-/prelude-ls-1.1.2.tgz. Extracting by manifest.
2195 silly tarball no local data for estraverse@https://registry.npmjs.org/estraverse/-/estraverse-4.3.0.tgz. Extracting by manifest.
2196 silly tarball no local data for caniuse-lite@https://registry.npmjs.org/caniuse-lite/-/caniuse-lite-1.0.30001806.tgz. Extracting by manifest.
2197 silly tarball no local data for yallist@https://registry.npmjs.org/yallist/-/yallist-4.0.0.tgz. Extracting by manifest.
2198 silly tarball no local data for eslint-visitor-keys@https://registry.npmjs.org/eslint-visitor-keys/-/eslint-visitor-keys-3.4.3.tgz. Extracting by manifest.
2199 silly tarball no local data for semver@https://registry.npmjs.org/semver/-/semver-7.8.5.tgz. Extracting by manifest.
2200 silly tarball no local data for mime@https://registry.npmjs.org/mime/-/mime-1.6.0.tgz. Extracting by manifest.
2201 silly tarball no local data for espree@https://registry.npmjs.org/espree/-/espree-9.6.1.tgz. Extracting by manifest.
2202 silly tarball no local data for ms@https://registry.npmjs.org/ms/-/ms-2.0.0.tgz. Extracting by manifest.
2203 silly tarball no local data for ms@https://registry.npmjs.org/ms/-/ms-2.0.0.tgz. Extracting by manifest.
2204 silly tarball no local data for ms@https://registry.npmjs.org/ms/-/ms-2.0.0.tgz. Extracting by manifest.
2205 silly tarball no local data for debug@https://registry.npmjs.org/debug/-/debug-2.6.9.tgz. Extracting by manifest.
2206 silly tarball no local data for debug@https://registry.npmjs.org/debug/-/debug-2.6.9.tgz. Extracting by manifest.
2207 silly tarball no local data for ms@https://registry.npmjs.org/ms/-/ms-2.0.0.tgz. Extracting by manifest.
2208 silly tarball no local data for @types/send@https://registry.npmjs.org/@types/send/-/send-0.17.6.tgz. Extracting by manifest.
2209 silly tarball no local data for yallist@https://registry.npmjs.org/yallist/-/yallist-4.0.0.tgz. Extracting by manifest.
2210 silly tarball no local data for cookie@https://registry.npmjs.org/cookie/-/cookie-0.7.2.tgz. Extracting by manifest.
2211 silly tarball no local data for debug@https://registry.npmjs.org/debug/-/debug-2.6.9.tgz. Extracting by manifest.
2212 silly tarball no local data for debug@https://registry.npmjs.org/debug/-/debug-2.6.9.tgz. Extracting by manifest.
2213 silly tarball no local data for lru-cache@https://registry.npmjs.org/lru-cache/-/lru-cache-6.0.0.tgz. Extracting by manifest.
2214 silly tarball no local data for mime-db@https://registry.npmjs.org/mime-db/-/mime-db-1.52.0.tgz. Extracting by manifest.
2215 silly tarball no local data for protobufjs@https://registry.npmjs.org/protobufjs/-/protobufjs-7.2.4.tgz. Extracting by manifest.
2216 silly tarball no local data for semver@https://registry.npmjs.org/semver/-/semver-7.8.5.tgz. Extracting by manifest.
2217 silly tarball no local data for uuid@https://registry.npmjs.org/uuid/-/uuid-8.3.2.tgz. Extracting by manifest.
2218 silly tarball no local data for @img/sharp-libvips-darwin-arm64@https://registry.npmjs.org/@img/sharp-libvips-darwin-arm64/-/sharp-libvips-darwin-arm64-1.2.4.tgz. Extracting by manifest.
2219 silly tarball no local data for sharp@https://registry.npmjs.org/sharp/-/sharp-0.34.5.tgz. Extracting by manifest.
2220 silly tarball no local data for semver@https://registry.npmjs.org/semver/-/semver-7.8.5.tgz. Extracting by manifest.
2221 silly tarball no local data for lru-cache@https://registry.npmjs.org/lru-cache/-/lru-cache-7.18.3.tgz. Extracting by manifest.
2222 silly tarball no local data for @img/sharp-darwin-arm64@https://registry.npmjs.org/@img/sharp-darwin-arm64/-/sharp-darwin-arm64-0.34.5.tgz. Extracting by manifest.
2223 silly tarball no local data for punycode@https://registry.npmjs.org/punycode/-/punycode-1.4.1.tgz. Extracting by manifest.
2224 silly tarball no local data for postcss@https://registry.npmjs.org/postcss/-/postcss-8.4.31.tgz. Extracting by manifest.
2225 silly tarball no local data for lru-cache@https://registry.npmjs.org/lru-cache/-/lru-cache-6.0.0.tgz. Extracting by manifest.
2226 http fetch GET 200 https://registry.npmjs.org/wrap-ansi/-/wrap-ansi-7.0.0.tgz 91ms (cache miss)
2227 http fetch GET 200 https://registry.npmjs.org/ansi-regex/-/ansi-regex-5.0.1.tgz 91ms (cache miss)
2228 http fetch GET 200 https://registry.npmjs.org/is-fullwidth-code-point/-/is-fullwidth-code-point-3.0.0.tgz 93ms (cache miss)
2229 http fetch GET 200 https://registry.npmjs.org/@types/mime/-/mime-1.3.5.tgz 93ms (cache miss)
2230 http fetch GET 200 https://registry.npmjs.org/@protobufjs/inquire/-/inquire-1.1.2.tgz 93ms (cache miss)
2231 http fetch GET 200 https://registry.npmjs.org/@img/colour/-/colour-1.1.0.tgz 93ms (cache miss)
2232 http fetch GET 200 https://registry.npmjs.org/media-typer/-/media-typer-0.3.0.tgz 95ms (cache miss)
2233 http fetch GET 200 https://registry.npmjs.org/http-parser-js/-/http-parser-js-0.5.10.tgz 96ms (cache miss)
2234 http fetch GET 200 https://registry.npmjs.org/yargs-parser/-/yargs-parser-21.1.1.tgz 99ms (cache miss)
2235 http fetch GET 200 https://registry.npmjs.org/stubs/-/stubs-3.0.0.tgz 97ms (cache miss)
2236 http fetch GET 200 https://registry.npmjs.org/websocket-extensions/-/websocket-extensions-0.1.4.tgz 98ms (cache miss)
2237 http fetch GET 200 https://registry.npmjs.org/util-deprecate/-/util-deprecate-1.0.2.tgz 105ms (cache miss)
2238 http fetch GET 200 https://registry.npmjs.org/@tootallnate/once/-/once-2.0.1.tgz 105ms (cache miss)
2239 http fetch GET 200 https://registry.npmjs.org/stream-events/-/stream-events-1.0.5.tgz 105ms (cache miss)
2240 http fetch GET 200 https://registry.npmjs.org/string_decoder/-/string_decoder-1.3.0.tgz 109ms (cache miss)
2241 http fetch GET 200 https://registry.npmjs.org/require-directory/-/require-directory-2.1.1.tgz 113ms (cache miss)
2242 http fetch GET 200 https://registry.npmjs.org/webidl-conversions/-/webidl-conversions-3.0.1.tgz 113ms (cache miss)
2243 http fetch GET 200 https://registry.npmjs.org/ipaddr.js/-/ipaddr.js-1.9.1.tgz 117ms (cache miss)
2244 http fetch GET 200 https://registry.npmjs.org/uc.micro/-/uc.micro-2.1.0.tgz 118ms (cache miss)
2245 http fetch GET 200 https://registry.npmjs.org/punycode.js/-/punycode.js-2.3.1.tgz 121ms (cache miss)
2246 http fetch GET 200 https://registry.npmjs.org/get-caller-file/-/get-caller-file-2.0.5.tgz 123ms (cache miss)
2247 http fetch GET 200 https://registry.npmjs.org/string-width/-/string-width-4.2.3.tgz 123ms (cache miss)
2248 http fetch GET 200 https://registry.npmjs.org/strip-ansi/-/strip-ansi-6.0.1.tgz 124ms (cache miss)
2249 http fetch GET 200 https://registry.npmjs.org/y18n/-/y18n-5.0.8.tgz 124ms (cache miss)
2250 http fetch GET 200 https://registry.npmjs.org/tr46/-/tr46-0.0.3.tgz 125ms (cache miss)
2251 http fetch GET 200 https://registry.npmjs.org/cliui/-/cliui-8.0.1.tgz 133ms (cache miss)
2252 http fetch GET 200 https://registry.npmjs.org/@types/mdurl/-/mdurl-2.0.0.tgz 135ms (cache miss)
2253 http fetch GET 200 https://registry.npmjs.org/mdurl/-/mdurl-2.1.0.tgz 137ms (cache miss)
2254 http fetch GET 200 https://registry.npmjs.org/mkdirp/-/mkdirp-1.0.4.tgz 142ms (cache miss)
2255 http fetch GET 200 https://registry.npmjs.org/@types/linkify-it/-/linkify-it-5.0.0.tgz 144ms (cache miss)
2256 http fetch GET 200 https://registry.npmjs.org/forwarded/-/forwarded-0.2.0.tgz 149ms (cache miss)
2257 http fetch GET 200 https://registry.npmjs.org/http-proxy-agent/-/http-proxy-agent-5.0.0.tgz 150ms (cache miss)
2258 http fetch GET 200 https://registry.npmjs.org/requizzle/-/requizzle-0.2.4.tgz 152ms (cache miss)
2259 http fetch GET 200 https://registry.npmjs.org/klaw/-/klaw-3.0.0.tgz 152ms (cache miss)
2260 http fetch GET 200 https://registry.npmjs.org/xmlcreate/-/xmlcreate-2.0.4.tgz 155ms (cache miss)
2261 http fetch GET 200 https://registry.npmjs.org/js2xmlparser/-/js2xmlparser-4.0.2.tgz 165ms (cache miss)
2262 http fetch GET 200 https://registry.npmjs.org/@jsdoc/salty/-/salty-0.2.12.tgz 170ms (cache miss)
2263 http fetch GET 200 https://registry.npmjs.org/inflight/-/inflight-1.0.6.tgz 172ms (cache miss)
2264 warn deprecated inflight@1.0.6: This module is not supported, and leaks memory. Do not use it. Check out lru-cache if you want a good and tested way to coalesce async requests by a key value, which is much more comprehensive and powerful.
2265 http fetch GET 200 https://registry.npmjs.org/esprima/-/esprima-4.0.1.tgz 175ms (cache miss)
2266 http fetch GET 200 https://registry.npmjs.org/linkify-it/-/linkify-it-5.0.2.tgz 176ms (cache miss)
2267 http fetch GET 200 https://registry.npmjs.org/markdown-it-anchor/-/markdown-it-anchor-8.6.7.tgz 181ms (cache miss)
2268 http fetch GET 200 https://registry.npmjs.org/fs.realpath/-/fs.realpath-1.0.0.tgz 184ms (cache miss)
2269 http fetch GET 200 https://registry.npmjs.org/glob/-/glob-8.1.0.tgz 184ms (cache miss)
2270 warn deprecated glob@8.1.0: Old versions of glob are not supported, and contain widely publicized security vulnerabilities, which have been fixed in the current version. Please update. Support for old versions may be purchased (at exorbitant rates) by contacting i@izs.me
2271 http fetch GET 200 https://registry.npmjs.org/catharsis/-/catharsis-0.9.0.tgz 191ms (cache miss)
2272 http fetch GET 200 https://registry.npmjs.org/marked/-/marked-4.3.0.tgz 195ms (cache miss)
2273 http fetch GET 200 https://registry.npmjs.org/@protobufjs/path/-/path-1.1.2.tgz 207ms (cache miss)
2274 http fetch GET 200 https://registry.npmjs.org/escodegen/-/escodegen-1.14.3.tgz 206ms (cache miss)
2275 http fetch GET 200 https://registry.npmjs.org/@protobufjs/base64/-/base64-1.1.2.tgz 206ms (cache miss)
2276 http fetch GET 200 https://registry.npmjs.org/@protobufjs/utf8/-/utf8-1.1.2.tgz 208ms (cache miss)
2277 http fetch GET 200 https://registry.npmjs.org/@protobufjs/float/-/float-1.0.2.tgz 208ms (cache miss)
2278 http fetch GET 200 https://registry.npmjs.org/wrappy/-/wrappy-1.0.2.tgz 210ms (cache miss)
2279 http fetch GET 200 https://registry.npmjs.org/@protobufjs/pool/-/pool-1.1.0.tgz 216ms (cache miss)
2280 http fetch GET 200 https://registry.npmjs.org/@protobufjs/aspromise/-/aspromise-1.1.2.tgz 217ms (cache miss)
2281 http fetch GET 200 https://registry.npmjs.org/entities/-/entities-4.5.0.tgz 220ms (cache miss)
2282 http fetch GET 200 https://registry.npmjs.org/source-map/-/source-map-0.6.1.tgz 219ms (cache miss)
2283 http fetch GET 200 https://registry.npmjs.org/@protobufjs/fetch/-/fetch-1.1.1.tgz 218ms (cache miss)
2284 http fetch GET 200 https://registry.npmjs.org/uglify-js/-/uglify-js-3.19.3.tgz 226ms (cache miss)
2285 http fetch GET 200 https://registry.npmjs.org/@types/markdown-it/-/markdown-it-14.1.2.tgz 226ms (cache miss)
2286 http fetch GET 200 https://registry.npmjs.org/whatwg-url/-/whatwg-url-5.0.0.tgz 233ms (cache miss)
2287 http fetch GET 200 https://registry.npmjs.org/lodash.clonedeep/-/lodash.clonedeep-4.5.0.tgz 235ms (cache miss)
2288 http fetch GET 200 https://registry.npmjs.org/jwa/-/jwa-2.0.1.tgz 235ms (cache miss)
2289 http fetch GET 200 https://registry.npmjs.org/ee-first/-/ee-first-1.1.1.tgz 235ms (cache miss)
2290 http fetch GET 200 https://registry.npmjs.org/@types/ms/-/ms-2.1.0.tgz 237ms (cache miss)
2291 http fetch GET 200 https://registry.npmjs.org/buffer-equal-constant-time/-/buffer-equal-constant-time-1.0.1.tgz 240ms (cache miss)
2292 http fetch GET 200 https://registry.npmjs.org/@protobufjs/codegen/-/codegen-2.0.5.tgz 239ms (cache miss)
2293 http fetch GET 200 https://registry.npmjs.org/lodash.isinteger/-/lodash.isinteger-4.0.4.tgz 239ms (cache miss)
2294 http fetch GET 200 https://registry.npmjs.org/limiter/-/limiter-1.1.5.tgz 239ms (cache miss)
2295 http fetch GET 200 https://registry.npmjs.org/@protobufjs/eventemitter/-/eventemitter-1.1.1.tgz 241ms (cache miss)
2296 http fetch GET 200 https://registry.npmjs.org/lodash.isnumber/-/lodash.isnumber-3.0.3.tgz 239ms (cache miss)
2297 http fetch GET 200 https://registry.npmjs.org/lodash.isstring/-/lodash.isstring-4.0.1.tgz 239ms (cache miss)
2298 http fetch GET 200 https://registry.npmjs.org/lodash.once/-/lodash.once-4.1.1.tgz 241ms (cache miss)
2299 http fetch GET 200 https://registry.npmjs.org/lru-memoizer/-/lru-memoizer-2.3.0.tgz 247ms (cache miss)
2300 http fetch GET 200 https://registry.npmjs.org/lodash.isboolean/-/lodash.isboolean-3.0.3.tgz 248ms (cache miss)
2301 http fetch GET 200 https://registry.npmjs.org/safer-buffer/-/safer-buffer-2.1.2.tgz 248ms (cache miss)
2302 http fetch GET 200 https://registry.npmjs.org/agent-base/-/agent-base-6.0.2.tgz 252ms (cache miss)
2303 http fetch GET 200 https://registry.npmjs.org/toidentifier/-/toidentifier-1.0.1.tgz 254ms (cache miss)
2304 http fetch GET 200 https://registry.npmjs.org/tmp/-/tmp-0.2.7.tgz 254ms (cache miss)
2305 http fetch GET 200 https://registry.npmjs.org/@types/jsonwebtoken/-/jsonwebtoken-9.0.10.tgz 256ms (cache miss)
2306 http fetch GET 200 https://registry.npmjs.org/lodash.isplainobject/-/lodash.isplainobject-4.0.6.tgz 256ms (cache miss)
2307 http fetch GET 200 https://registry.npmjs.org/google-p12-pem/-/google-p12-pem-4.0.1.tgz 260ms (cache miss)
2308 http fetch GET 200 https://registry.npmjs.org/@types/minimatch/-/minimatch-5.1.2.tgz 261ms (cache miss)
2309 warn deprecated google-p12-pem@4.0.1: Package is no longer maintained
2310 http fetch GET 200 https://registry.npmjs.org/@types/glob/-/glob-8.1.0.tgz 261ms (cache miss)
2311 http fetch GET 200 https://registry.npmjs.org/bignumber.js/-/bignumber.js-9.3.1.tgz 263ms (cache miss)
2312 http fetch GET 200 https://registry.npmjs.org/long/-/long-5.3.2.tgz 263ms (cache miss)
2313 http fetch GET 200 https://registry.npmjs.org/bluebird/-/bluebird-3.7.2.tgz 267ms (cache miss)
2314 http fetch GET 200 https://registry.npmjs.org/lodash.camelcase/-/lodash.camelcase-4.3.0.tgz 268ms (cache miss)
2315 http fetch GET 200 https://registry.npmjs.org/markdown-it/-/markdown-it-14.3.0.tgz 276ms (cache miss)
2316 http fetch GET 200 https://registry.npmjs.org/object-hash/-/object-hash-3.0.0.tgz 279ms (cache miss)
2317 http fetch GET 200 https://registry.npmjs.org/is-stream-ended/-/is-stream-ended-0.1.4.tgz 281ms (cache miss)
2318 http fetch GET 200 https://registry.npmjs.org/fast-text-encoding/-/fast-text-encoding-1.0.6.tgz 281ms (cache miss)
2319 http fetch GET 200 https://registry.npmjs.org/gtoken/-/gtoken-6.1.2.tgz 283ms (cache miss)
2320 http fetch GET 200 https://registry.npmjs.org/@types/long/-/long-4.0.2.tgz 285ms (cache miss)
2321 http fetch GET 200 https://registry.npmjs.org/base64-js/-/base64-js-1.5.1.tgz 285ms (cache miss)
2322 http fetch GET 200 https://registry.npmjs.org/jws/-/jws-4.0.1.tgz 286ms (cache miss)
2323 http fetch GET 200 https://registry.npmjs.org/https-proxy-agent/-/https-proxy-agent-5.0.1.tgz 286ms (cache miss)
2324 http fetch GET 200 https://registry.npmjs.org/json-bigint/-/json-bigint-1.0.0.tgz 287ms (cache miss)
2325 http fetch GET 200 https://registry.npmjs.org/gcp-metadata/-/gcp-metadata-5.3.0.tgz 291ms (cache miss)
2326 http fetch GET 200 https://registry.npmjs.org/@grpc/proto-loader/-/proto-loader-0.7.15.tgz 295ms (cache miss)
2327 http fetch GET 200 https://registry.npmjs.org/protobufjs-cli/-/protobufjs-cli-1.1.1.tgz 296ms (cache miss)
2328 http fetch GET 200 https://registry.npmjs.org/raw-body/-/raw-body-2.5.3.tgz 298ms (cache miss)
2329 http fetch GET 200 https://registry.npmjs.org/unpipe/-/unpipe-1.0.0.tgz 300ms (cache miss)
2330 http fetch GET 200 https://registry.npmjs.org/proto3-json-serializer/-/proto3-json-serializer-1.1.1.tgz 302ms (cache miss)
2331 http fetch GET 200 https://registry.npmjs.org/destroy/-/destroy-1.2.0.tgz 300ms (cache miss)
2332 http fetch GET 200 https://registry.npmjs.org/node-fetch/-/node-fetch-2.7.0.tgz 301ms (cache miss)
2333 http fetch GET 200 https://registry.npmjs.org/yargs/-/yargs-17.7.3.tgz 314ms (cache miss)
2334 http fetch GET 200 https://registry.npmjs.org/serve-static/-/serve-static-1.16.3.tgz 312ms (cache miss)
2335 http fetch GET 200 https://registry.npmjs.org/type-is/-/type-is-1.6.18.tgz 312ms (cache miss)
2336 http fetch GET 200 https://registry.npmjs.org/is-stream/-/is-stream-2.0.1.tgz 313ms (cache miss)
2337 http fetch GET 200 https://registry.npmjs.org/negotiator/-/negotiator-0.6.3.tgz 314ms (cache miss)
2338 http fetch GET 200 https://registry.npmjs.org/setprototypeof/-/setprototypeof-1.2.0.tgz 314ms (cache miss)
2339 http fetch GET 200 https://registry.npmjs.org/ecdsa-sig-formatter/-/ecdsa-sig-formatter-1.0.11.tgz 316ms (cache miss)
2340 http fetch GET 200 https://registry.npmjs.org/statuses/-/statuses-2.0.2.tgz 316ms (cache miss)
2341 http fetch GET 200 https://registry.npmjs.org/safe-buffer/-/safe-buffer-5.2.1.tgz 316ms (cache miss)
2342 http fetch GET 200 https://registry.npmjs.org/bytes/-/bytes-3.1.2.tgz 317ms (cache miss)
2343 http fetch GET 200 https://registry.npmjs.org/range-parser/-/range-parser-1.2.1.tgz 322ms (cache miss)
2344 http fetch GET 200 https://registry.npmjs.org/iconv-lite/-/iconv-lite-0.4.24.tgz 324ms (cache miss)
2345 http fetch GET 200 https://registry.npmjs.org/utils-merge/-/utils-merge-1.0.1.tgz 323ms (cache miss)
2346 http fetch GET 200 https://registry.npmjs.org/proxy-addr/-/proxy-addr-2.0.7.tgz 323ms (cache miss)
2347 http fetch GET 200 https://registry.npmjs.org/path-to-regexp/-/path-to-regexp-0.1.13.tgz 323ms (cache miss)
2348 http fetch GET 200 https://registry.npmjs.org/send/-/send-0.19.2.tgz 327ms (cache miss)
2349 http fetch GET 200 https://registry.npmjs.org/http-errors/-/http-errors-2.0.1.tgz 337ms (cache miss)
2350 http fetch GET 200 https://registry.npmjs.org/on-finished/-/on-finished-2.4.1.tgz 337ms (cache miss)
2351 http fetch GET 200 https://registry.npmjs.org/etag/-/etag-1.8.1.tgz 336ms (cache miss)
2352 http fetch GET 200 https://registry.npmjs.org/fresh/-/fresh-0.5.2.tgz 336ms (cache miss)
2353 http fetch GET 200 https://registry.npmjs.org/methods/-/methods-1.1.2.tgz 338ms (cache miss)
2354 http fetch GET 200 https://registry.npmjs.org/merge-descriptors/-/merge-descriptors-1.0.3.tgz 338ms (cache miss)
2355 http fetch GET 200 https://registry.npmjs.org/finalhandler/-/finalhandler-1.3.2.tgz 337ms (cache miss)
2356 http fetch GET 200 https://registry.npmjs.org/parseurl/-/parseurl-1.3.3.tgz 339ms (cache miss)
2357 http fetch GET 200 https://registry.npmjs.org/encodeurl/-/encodeurl-2.0.0.tgz 339ms (cache miss)
2358 http fetch GET 200 https://registry.npmjs.org/depd/-/depd-2.0.0.tgz 343ms (cache miss)
2359 http fetch GET 200 https://registry.npmjs.org/content-type/-/content-type-1.0.5.tgz 343ms (cache miss)
2360 http fetch GET 200 https://registry.npmjs.org/qs/-/qs-6.15.3.tgz 347ms (cache miss)
2361 http fetch GET 200 https://registry.npmjs.org/escape-html/-/escape-html-1.0.3.tgz 347ms (cache miss)
2362 http fetch GET 200 https://registry.npmjs.org/cookie-signature/-/cookie-signature-1.0.7.tgz 351ms (cache miss)
2363 http fetch GET 200 https://registry.npmjs.org/array-flatten/-/array-flatten-1.1.1.tgz 351ms (cache miss)
2364 http fetch GET 200 https://registry.npmjs.org/body-parser/-/body-parser-1.20.6.tgz 355ms (cache miss)
2365 http fetch GET 200 https://registry.npmjs.org/content-disposition/-/content-disposition-0.5.4.tgz 356ms (cache miss)
2366 http fetch GET 200 https://registry.npmjs.org/accepts/-/accepts-1.3.8.tgz 357ms (cache miss)
2367 http fetch GET 200 https://registry.npmjs.org/@types/http-errors/-/http-errors-2.0.5.tgz 358ms (cache miss)
2368 http fetch GET 200 https://registry.npmjs.org/vary/-/vary-1.1.2.tgz 358ms (cache miss)
2369 http fetch GET 200 https://registry.npmjs.org/@types/send/-/send-1.2.1.tgz 358ms (cache miss)
2370 http fetch GET 200 https://registry.npmjs.org/@types/range-parser/-/range-parser-1.2.7.tgz 359ms (cache miss)
2371 http fetch GET 200 https://registry.npmjs.org/jsdoc/-/jsdoc-4.0.5.tgz 372ms (cache miss)
2372 http fetch GET 200 https://registry.npmjs.org/@types/express-serve-static-core/-/express-serve-static-core-4.19.9.tgz 363ms (cache miss)
2373 http fetch GET 200 https://registry.npmjs.org/@types/serve-static/-/serve-static-1.15.10.tgz 364ms (cache miss)
2374 http fetch GET 200 https://registry.npmjs.org/@types/qs/-/qs-6.15.1.tgz 365ms (cache miss)
2375 http fetch GET 200 https://registry.npmjs.org/lodash.includes/-/lodash.includes-4.3.0.tgz 365ms (cache miss)
2376 http fetch GET 200 https://registry.npmjs.org/@types/connect/-/connect-3.4.38.tgz 365ms (cache miss)
2377 http fetch GET 200 https://registry.npmjs.org/cors/-/cors-2.8.6.tgz 393ms (cache miss)
2378 http fetch GET 200 https://registry.npmjs.org/@types/cors/-/cors-2.8.19.tgz 395ms (cache miss)
2379 http fetch GET 200 https://registry.npmjs.org/@types/body-parser/-/body-parser-1.19.6.tgz 395ms (cache miss)
2380 http fetch GET 200 https://registry.npmjs.org/@hapi/accept/-/accept-6.0.3.tgz 394ms (cache miss)
2381 http fetch GET 200 https://registry.npmjs.org/strnum/-/strnum-1.1.2.tgz 394ms (cache miss)
2382 http fetch GET 200 https://registry.npmjs.org/@types/express/-/express-4.17.25.tgz 395ms (cache miss)
2383 http fetch GET 200 https://registry.npmjs.org/stream-shift/-/stream-shift-1.0.3.tgz 395ms (cache miss)
2384 http fetch GET 200 https://registry.npmjs.org/cookie/-/cookie-0.5.0.tgz 395ms (cache miss)
2385 http fetch GET 200 https://registry.npmjs.org/once/-/once-1.4.0.tgz 397ms (cache miss)
2386 http fetch GET 200 https://registry.npmjs.org/mime-db/-/mime-db-1.54.0.tgz 399ms (cache miss)
2387 http fetch GET 200 https://registry.npmjs.org/inherits/-/inherits-2.0.4.tgz 411ms (cache miss)
2388 http fetch GET 200 https://registry.npmjs.org/retry/-/retry-0.13.1.tgz 414ms (cache miss)
2389 http fetch GET 200 https://registry.npmjs.org/end-of-stream/-/end-of-stream-1.4.5.tgz 415ms (cache miss)
2390 http fetch GET 200 https://registry.npmjs.org/arrify/-/arrify-2.0.1.tgz 415ms (cache miss)
2391 http fetch GET 200 https://registry.npmjs.org/retry-request/-/retry-request-5.0.2.tgz 417ms (cache miss)
2392 http fetch GET 200 https://registry.npmjs.org/mime-types/-/mime-types-2.1.35.tgz 416ms (cache miss)
2393 http fetch GET 200 https://registry.npmjs.org/express/-/express-4.22.2.tgz 425ms (cache miss)
2394 http fetch GET 200 https://registry.npmjs.org/extend/-/extend-3.0.2.tgz 420ms (cache miss)
2395 http fetch GET 200 https://registry.npmjs.org/mime/-/mime-3.0.0.tgz 421ms (cache miss)
2396 http fetch GET 200 https://registry.npmjs.org/compressible/-/compressible-2.0.18.tgz 421ms (cache miss)
2397 http fetch GET 200 https://registry.npmjs.org/event-target-shim/-/event-target-shim-5.0.1.tgz 424ms (cache miss)
2398 http fetch GET 200 https://registry.npmjs.org/ent/-/ent-2.2.2.tgz 426ms (cache miss)
2399 http fetch GET 200 https://registry.npmjs.org/duplexify/-/duplexify-4.1.3.tgz 428ms (cache miss)
2400 http fetch GET 200 https://registry.npmjs.org/teeny-request/-/teeny-request-8.0.3.tgz 430ms (cache miss)
2401 http fetch GET 200 https://registry.npmjs.org/websocket-driver/-/websocket-driver-0.7.5.tgz 433ms (cache miss)
2402 http fetch GET 200 https://registry.npmjs.org/readable-stream/-/readable-stream-3.6.2.tgz 434ms (cache miss)
2403 http fetch GET 200 https://registry.npmjs.org/async-retry/-/async-retry-1.3.3.tgz 429ms (cache miss)
2404 http fetch GET 200 https://registry.npmjs.org/gaxios/-/gaxios-5.1.3.tgz 431ms (cache miss)
2405 http fetch GET 200 https://registry.npmjs.org/abort-controller/-/abort-controller-3.0.0.tgz 431ms (cache miss)
2406 http fetch GET 200 https://registry.npmjs.org/@google-cloud/projectify/-/projectify-3.0.0.tgz 437ms (cache miss)
2407 http fetch GET 200 https://registry.npmjs.org/@google-cloud/promisify/-/promisify-3.0.1.tgz 443ms (cache miss)
2408 http fetch GET 200 https://registry.npmjs.org/@hapi/hoek/-/hoek-11.0.7.tgz 449ms (cache miss)
2409 http fetch GET 200 https://registry.npmjs.org/@firebase/app-types/-/app-types-0.9.0.tgz 444ms (cache miss)
2410 http fetch GET 200 https://registry.npmjs.org/@firebase/auth-interop-types/-/auth-interop-types-0.2.1.tgz 444ms (cache miss)
2411 http fetch GET 200 https://registry.npmjs.org/@google-cloud/paginator/-/paginator-3.0.7.tgz 445ms (cache miss)
2412 http fetch GET 200 https://registry.npmjs.org/faye-websocket/-/faye-websocket-0.11.4.tgz 458ms (cache miss)
2413 http fetch GET 200 https://registry.npmjs.org/fast-xml-parser/-/fast-xml-parser-4.5.7.tgz 465ms (cache miss)
2414 http fetch GET 200 https://registry.npmjs.org/@firebase/logger/-/logger-0.4.0.tgz 464ms (cache miss)
2415 http fetch GET 200 https://registry.npmjs.org/@types/rimraf/-/rimraf-3.0.2.tgz 499ms (cache miss)
2416 http fetch GET 200 https://registry.npmjs.org/jsonwebtoken/-/jsonwebtoken-9.0.3.tgz 490ms (cache miss)
2417 http fetch GET 200 https://registry.npmjs.org/underscore/-/underscore-1.13.8.tgz 515ms (cache miss)
2418 http fetch GET 200 https://registry.npmjs.org/@firebase/database-types/-/database-types-0.10.4.tgz 506ms (cache miss)
2419 http fetch GET 200 https://registry.npmjs.org/jwks-rsa/-/jwks-rsa-3.2.2.tgz 526ms (cache miss)
2420 http fetch GET 200 https://registry.npmjs.org/word-wrap/-/word-wrap-1.2.5.tgz 527ms (cache miss)
2421 http fetch GET 200 https://registry.npmjs.org/yocto-queue/-/yocto-queue-0.1.0.tgz 531ms (cache miss)
2422 http fetch GET 200 https://registry.npmjs.org/@firebase/component/-/component-0.6.4.tgz 534ms (cache miss)
2423 http fetch GET 200 https://registry.npmjs.org/google-auth-library/-/google-auth-library-8.9.0.tgz 547ms (cache miss)
2424 http fetch GET 200 https://registry.npmjs.org/firebase-frameworks/-/firebase-frameworks-0.11.8.tgz 544ms (cache miss)
2425 http fetch GET 200 https://registry.npmjs.org/protobufjs/-/protobufjs-7.6.5.tgz 550ms (cache miss)
2426 http fetch GET 200 https://registry.npmjs.org/supports-color/-/supports-color-7.2.0.tgz 557ms (cache miss)
2427 http fetch GET 200 https://registry.npmjs.org/strip-json-comments/-/strip-json-comments-3.1.1.tgz 559ms (cache miss)
2428 http fetch GET 200 https://registry.npmjs.org/@hapi/boom/-/boom-10.0.1.tgz 567ms (cache miss)
2429 http fetch GET 200 https://registry.npmjs.org/undici-types/-/undici-types-6.21.0.tgz 567ms (cache miss)
2430 http fetch GET 200 https://registry.npmjs.org/@fastify/busboy/-/busboy-1.2.1.tgz 570ms (cache miss)
2431 http fetch GET 200 https://registry.npmjs.org/side-channel/-/side-channel-1.1.1.tgz 571ms (cache miss)
2432 http fetch GET 200 https://registry.npmjs.org/uuid/-/uuid-9.0.1.tgz 574ms (cache miss)
2433 warn deprecated uuid@9.0.1: uuid@10 and below is no longer supported.  For ESM codebases, update to uuid@latest.  For CommonJS codebases, use uuid@11 (but be aware this version will likely be deprecated in 2028).
2434 http fetch GET 200 https://registry.npmjs.org/source-map-js/-/source-map-js-1.2.1.tgz 584ms (cache miss)
2435 http fetch GET 200 https://registry.npmjs.org/functional-red-black-tree/-/functional-red-black-tree-1.0.1.tgz 587ms (cache miss)
2436 http fetch GET 200 https://registry.npmjs.org/side-channel-weakmap/-/side-channel-weakmap-1.0.2.tgz 590ms (cache miss)
2437 http fetch GET 200 https://registry.npmjs.org/side-channel-list/-/side-channel-list-1.0.1.tgz 591ms (cache miss)
2438 http fetch GET 200 https://registry.npmjs.org/robot3/-/robot3-0.4.1.tgz 592ms (cache miss)
2439 http fetch GET 200 https://registry.npmjs.org/@google-cloud/storage/-/storage-6.12.0.tgz 595ms (cache miss)
2440 http fetch GET 200 https://registry.npmjs.org/side-channel-map/-/side-channel-map-1.0.1.tgz 593ms (cache miss)
2441 http fetch GET 200 https://registry.npmjs.org/tslib/-/tslib-2.8.1.tgz 594ms (cache miss)
2442 http fetch GET 200 https://registry.npmjs.org/text-decoding/-/text-decoding-1.0.0.tgz 597ms (cache miss)
2443 http fetch GET 200 https://registry.npmjs.org/scheduler/-/scheduler-0.27.0.tgz 603ms (cache miss)
2444 http fetch GET 200 https://registry.npmjs.org/safe-regex-test/-/safe-regex-test-1.1.0.tgz 605ms (cache miss)
2445 http fetch GET 200 https://registry.npmjs.org/p-limit/-/p-limit-3.1.0.tgz 605ms (cache miss)
2446 http fetch GET 200 https://registry.npmjs.org/picocolors/-/picocolors-1.1.1.tgz 607ms (cache miss)
2447 http fetch GET 200 https://registry.npmjs.org/server-only/-/server-only-0.0.1.tgz 606ms (cache miss)
2448 http fetch GET 200 https://registry.npmjs.org/styled-jsx/-/styled-jsx-5.1.6.tgz 609ms (cache miss)
2449 http fetch GET 200 https://registry.npmjs.org/node-forge/-/node-forge-1.4.0.tgz 611ms (cache miss)
2450 http fetch GET 200 https://registry.npmjs.org/react/-/react-19.2.4.tgz 618ms (cache miss)
2451 http fetch GET 200 https://registry.npmjs.org/object-inspect/-/object-inspect-1.13.4.tgz 630ms (cache miss)
2452 http fetch GET 200 https://registry.npmjs.org/lodash/-/lodash-4.18.1.tgz 666ms (cache miss)
2453 http fetch GET 200 https://registry.npmjs.org/nanoid/-/nanoid-3.3.16.tgz 658ms (cache miss)
2454 http fetch GET 200 https://registry.npmjs.org/graceful-fs/-/graceful-fs-4.2.11.tgz 666ms (cache miss)
2455 http fetch GET 200 https://registry.npmjs.org/math-intrinsics/-/math-intrinsics-1.1.0.tgz 668ms (cache miss)
2456 http fetch GET 200 https://registry.npmjs.org/hasown/-/hasown-2.0.4.tgz 690ms (cache miss)
2457 http fetch GET 200 https://registry.npmjs.org/has-tostringtag/-/has-tostringtag-1.0.2.tgz 690ms (cache miss)
2458 http fetch GET 200 https://registry.npmjs.org/has-flag/-/has-flag-4.0.0.tgz 690ms (cache miss)
2459 http fetch GET 200 https://registry.npmjs.org/@firebase/database-compat/-/database-compat-0.3.4.tgz 717ms (cache miss)
2460 http fetch GET 200 https://registry.npmjs.org/@firebase/util/-/util-1.9.3.tgz 721ms (cache miss)
2461 http fetch GET 200 https://registry.npmjs.org/function-bind/-/function-bind-1.1.2.tgz 719ms (cache miss)
2462 http fetch GET 200 https://registry.npmjs.org/fast-levenshtein/-/fast-levenshtein-2.0.6.tgz 718ms (cache miss)
2463 http fetch GET 200 https://registry.npmjs.org/get-proto/-/get-proto-1.0.1.tgz 723ms (cache miss)
2464 http fetch GET 200 https://registry.npmjs.org/hi-base32/-/hi-base32-0.5.1.tgz 733ms (cache miss)
2465 http fetch GET 200 https://registry.npmjs.org/eventsource-parser/-/eventsource-parser-1.1.2.tgz 733ms (cache miss)
2466 http fetch GET 200 https://registry.npmjs.org/firebase-functions/-/firebase-functions-6.6.0.tgz 792ms (cache miss)
2467 http fetch GET 200 https://registry.npmjs.org/get-intrinsic/-/get-intrinsic-1.3.0.tgz 812ms (cache miss)
2468 http fetch GET 200 https://registry.npmjs.org/es-object-atoms/-/es-object-atoms-1.1.2.tgz 812ms (cache miss)
2469 http fetch GET 200 https://registry.npmjs.org/object-assign/-/object-assign-4.1.1.tgz 815ms (cache miss)
2470 http fetch GET 200 https://registry.npmjs.org/fast-deep-equal/-/fast-deep-equal-3.1.3.tgz 814ms (cache miss)
2471 http fetch GET 200 https://registry.npmjs.org/has-symbols/-/has-symbols-1.1.0.tgz 815ms (cache miss)
2472 http fetch GET 200 https://registry.npmjs.org/esutils/-/esutils-2.0.3.tgz 814ms (cache miss)
2473 http fetch GET 200 https://registry.npmjs.org/is-regex/-/is-regex-1.2.1.tgz 816ms (cache miss)
2474 http fetch GET 200 https://registry.npmjs.org/escalade/-/escalade-3.2.0.tgz 815ms (cache miss)
2475 http fetch GET 200 https://registry.npmjs.org/minimist/-/minimist-1.2.8.tgz 818ms (cache miss)
2476 http fetch GET 200 https://registry.npmjs.org/ms/-/ms-2.1.3.tgz 819ms (cache miss)
2477 http fetch GET 200 https://registry.npmjs.org/detect-libc/-/detect-libc-2.1.2.tgz 819ms (cache miss)
2478 http fetch GET 200 https://registry.npmjs.org/color-name/-/color-name-1.1.4.tgz 819ms (cache miss)
2479 http fetch GET 200 https://registry.npmjs.org/dunder-proto/-/dunder-proto-1.0.1.tgz 820ms (cache miss)
2480 http fetch GET 200 https://registry.npmjs.org/estraverse/-/estraverse-5.3.0.tgz 819ms (cache miss)
2481 http fetch GET 200 https://registry.npmjs.org/promise-polyfill/-/promise-polyfill-8.3.0.tgz 823ms (cache miss)
2482 http fetch GET 200 https://registry.npmjs.org/debug/-/debug-4.4.3.tgz 821ms (cache miss)
2483 http fetch GET 200 https://registry.npmjs.org/deep-is/-/deep-is-0.1.4.tgz 821ms (cache miss)
2484 http fetch GET 200 https://registry.npmjs.org/es-define-property/-/es-define-property-1.0.1.tgz 822ms (cache miss)
2485 http fetch GET 200 https://registry.npmjs.org/jose/-/jose-4.15.9.tgz 849ms (cache miss)
2486 http fetch GET 200 https://registry.npmjs.org/react-dom/-/react-dom-19.2.4.tgz 834ms (cache miss)
2487 http fetch GET 200 https://registry.npmjs.org/@google-cloud/firestore/-/firestore-6.8.0.tgz 836ms (cache miss)
2488 http fetch GET 200 https://registry.npmjs.org/chalk/-/chalk-4.1.2.tgz 852ms (cache miss)
2489 http fetch GET 200 https://registry.npmjs.org/call-bind-apply-helpers/-/call-bind-apply-helpers-1.0.2.tgz 851ms (cache miss)
2490 http fetch GET 200 https://registry.npmjs.org/call-bound/-/call-bound-1.0.4.tgz 853ms (cache miss)
2491 http fetch GET 200 https://registry.npmjs.org/balanced-match/-/balanced-match-1.0.2.tgz 853ms (cache miss)
2492 http fetch GET 200 https://registry.npmjs.org/client-only/-/client-only-0.0.1.tgz 853ms (cache miss)
2493 http fetch GET 200 https://registry.npmjs.org/es-errors/-/es-errors-1.3.0.tgz 856ms (cache miss)
2494 http fetch GET 200 https://registry.npmjs.org/ansi-styles/-/ansi-styles-4.3.0.tgz 856ms (cache miss)
2495 http fetch GET 200 https://registry.npmjs.org/argparse/-/argparse-2.0.1.tgz 859ms (cache miss)
2496 http fetch GET 200 https://registry.npmjs.org/baseline-browser-mapping/-/baseline-browser-mapping-2.10.44.tgz 866ms (cache miss)
2497 http fetch GET 200 https://registry.npmjs.org/acorn/-/acorn-8.17.0.tgz 873ms (cache miss)
2498 http fetch GET 200 https://registry.npmjs.org/gopd/-/gopd-1.2.0.tgz 882ms (cache miss)
2499 http fetch GET 200 https://registry.npmjs.org/color-convert/-/color-convert-2.0.1.tgz 887ms (cache miss)
2500 http fetch GET 200 https://registry.npmjs.org/acorn-jsx/-/acorn-jsx-5.3.2.tgz 897ms (cache miss)
2501 http fetch GET 200 https://registry.npmjs.org/@types/node/-/node-20.19.43.tgz 909ms (cache miss)
2502 http fetch GET 200 https://registry.npmjs.org/emoji-regex/-/emoji-regex-8.0.0.tgz 936ms (cache miss)
2503 http fetch GET 200 https://registry.npmjs.org/minimatch/-/minimatch-5.1.9.tgz 940ms (cache miss)
2504 http fetch GET 200 https://registry.npmjs.org/@babel/helper-string-parser/-/helper-string-parser-7.29.7.tgz 942ms (cache miss)
2505 http fetch GET 200 https://registry.npmjs.org/brace-expansion/-/brace-expansion-2.1.2.tgz 962ms (cache miss)
2506 http fetch GET 200 https://registry.npmjs.org/type-check/-/type-check-0.3.2.tgz 962ms (cache miss)
2507 http fetch GET 200 https://registry.npmjs.org/levn/-/levn-0.3.0.tgz 967ms (cache miss)
2508 http fetch GET 200 https://registry.npmjs.org/optionator/-/optionator-0.8.3.tgz 968ms (cache miss)
2509 http fetch GET 200 https://registry.npmjs.org/escape-string-regexp/-/escape-string-regexp-2.0.0.tgz 968ms (cache miss)
2510 http fetch GET 200 https://registry.npmjs.org/@babel/helper-validator-identifier/-/helper-validator-identifier-7.29.7.tgz 973ms (cache miss)
2511 http fetch GET 200 https://registry.npmjs.org/google-gax/-/google-gax-3.6.1.tgz 983ms (cache miss)
2512 http fetch GET 200 https://registry.npmjs.org/@msgpack/msgpack/-/msgpack-3.1.3.tgz 982ms (cache miss)
2513 http fetch GET 200 https://registry.npmjs.org/prelude-ls/-/prelude-ls-1.1.2.tgz 990ms (cache miss)
2514 http fetch GET 200 https://registry.npmjs.org/estraverse/-/estraverse-4.3.0.tgz 991ms (cache miss)
2515 http fetch GET 200 https://registry.npmjs.org/@grpc/grpc-js/-/grpc-js-1.8.22.tgz 1022ms (cache miss)
2516 http fetch GET 200 https://registry.npmjs.org/yallist/-/yallist-4.0.0.tgz 999ms (cache miss)
2517 http fetch GET 200 https://registry.npmjs.org/@firebase/database/-/database-0.14.4.tgz 1010ms (cache miss)
2518 http fetch GET 200 https://registry.npmjs.org/eslint-visitor-keys/-/eslint-visitor-keys-3.4.3.tgz 1003ms (cache miss)
2519 http fetch GET 200 https://registry.npmjs.org/mime/-/mime-1.6.0.tgz 1016ms (cache miss)
2520 http fetch GET 200 https://registry.npmjs.org/@babel/types/-/types-7.29.7.tgz 1022ms (cache miss)
2521 http fetch GET 200 https://registry.npmjs.org/ms/-/ms-2.0.0.tgz 1025ms (cache miss)
2522 http fetch GET 200 https://registry.npmjs.org/ms/-/ms-2.0.0.tgz 1025ms (cache miss)
2523 http fetch GET 200 https://registry.npmjs.org/ms/-/ms-2.0.0.tgz 1046ms (cache miss)
2524 http fetch GET 200 https://registry.npmjs.org/espree/-/espree-9.6.1.tgz 1049ms (cache miss)
2525 http fetch GET 200 https://registry.npmjs.org/debug/-/debug-2.6.9.tgz 1049ms (cache miss)
2526 http fetch GET 200 https://registry.npmjs.org/debug/-/debug-2.6.9.tgz 1053ms (cache miss)
2527 http fetch GET 200 https://registry.npmjs.org/ms/-/ms-2.0.0.tgz 1056ms (cache miss)
2528 http fetch GET 200 https://registry.npmjs.org/@next/env/-/env-16.2.10.tgz 1081ms (cache miss)
2529 http fetch GET 200 https://registry.npmjs.org/yallist/-/yallist-4.0.0.tgz 1078ms (cache miss)
2530 http fetch GET 200 https://registry.npmjs.org/@swc/helpers/-/helpers-0.5.15.tgz 1091ms (cache miss)
2531 http fetch GET 200 https://registry.npmjs.org/@types/send/-/send-0.17.6.tgz 1092ms (cache miss)
2532 http fetch GET 200 https://registry.npmjs.org/cookie/-/cookie-0.7.2.tgz 1100ms (cache miss)
2533 http fetch GET 200 https://registry.npmjs.org/debug/-/debug-2.6.9.tgz 1101ms (cache miss)
2534 http fetch GET 200 https://registry.npmjs.org/mime-db/-/mime-db-1.52.0.tgz 1142ms (cache miss)
2535 http fetch GET 200 https://registry.npmjs.org/semver/-/semver-7.8.5.tgz 1175ms (cache miss)
2536 http fetch GET 200 https://registry.npmjs.org/lru-cache/-/lru-cache-6.0.0.tgz 1194ms (cache miss)
2537 http fetch GET 200 https://registry.npmjs.org/uuid/-/uuid-8.3.2.tgz 1244ms (cache miss)
2538 warn deprecated uuid@8.3.2: uuid@10 and below is no longer supported.  For ESM codebases, update to uuid@latest.  For CommonJS codebases, use uuid@11 (but be aware this version will likely be deprecated in 2028).
2539 http fetch GET 200 https://registry.npmjs.org/sharp/-/sharp-0.34.5.tgz 1246ms (cache miss)
2540 http fetch GET 200 https://registry.npmjs.org/semver/-/semver-7.8.5.tgz 1260ms (cache miss)
2541 http fetch GET 200 https://registry.npmjs.org/protobufjs/-/protobufjs-7.2.4.tgz 1278ms (cache miss)
2542 http fetch GET 200 https://registry.npmjs.org/caniuse-lite/-/caniuse-lite-1.0.30001806.tgz 1283ms (cache miss)
2543 http fetch GET 200 https://registry.npmjs.org/@img/sharp-darwin-arm64/-/sharp-darwin-arm64-0.34.5.tgz 1336ms (cache miss)
2544 http fetch GET 200 https://registry.npmjs.org/punycode/-/punycode-1.4.1.tgz 1356ms (cache miss)
2545 http fetch GET 200 https://registry.npmjs.org/semver/-/semver-7.8.5.tgz 1357ms (cache miss)
2546 http fetch GET 200 https://registry.npmjs.org/debug/-/debug-2.6.9.tgz 1359ms (cache miss)
2547 http fetch GET 200 https://registry.npmjs.org/postcss/-/postcss-8.4.31.tgz 1366ms (cache miss)
2548 http fetch GET 200 https://registry.npmjs.org/@paypal/sdk-constants/-/sdk-constants-1.0.158.tgz 1379ms (cache miss)
2549 http fetch GET 200 https://registry.npmjs.org/@paypal/paypal-js/-/paypal-js-10.0.3.tgz 1388ms (cache miss)
2550 http fetch GET 200 https://registry.npmjs.org/lru-cache/-/lru-cache-7.18.3.tgz 1386ms (cache miss)
2551 http fetch GET 200 https://registry.npmjs.org/lru-cache/-/lru-cache-6.0.0.tgz 1393ms (cache miss)
2552 http fetch GET 200 https://registry.npmjs.org/@paypal/react-paypal-js/-/react-paypal-js-10.1.2.tgz 1425ms (cache miss)
2553 http fetch GET 200 https://registry.npmjs.org/@fal-ai/client/-/client-1.10.1.tgz 1437ms (cache miss)
2554 http fetch GET 200 https://registry.npmjs.org/lucide-react/-/lucide-react-1.26.0.tgz 2191ms (cache miss)
2555 http fetch GET 200 https://registry.npmjs.org/firebase-admin/-/firebase-admin-11.11.1.tgz 2527ms (cache miss)
2556 http fetch GET 200 https://registry.npmjs.org/@img/sharp-libvips-darwin-arm64/-/sharp-libvips-darwin-arm64-1.2.4.tgz 2715ms (cache miss)
2557 http fetch GET 200 https://registry.npmjs.org/@next/swc-darwin-arm64/-/swc-darwin-arm64-16.2.10.tgz 2970ms (cache miss)
2558 http fetch GET 200 https://registry.npmjs.org/@babel/parser/-/parser-7.29.7.tgz 3098ms (cache miss)
2559 http fetch GET 200 https://registry.npmjs.org/next/-/next-16.2.10.tgz 3446ms (cache miss)
2560 info run sharp@0.34.5 install node_modules/next/node_modules/sharp node install/check.js || npm run build
2561 info run sharp@0.34.5 install { code: 0, signal: null }
2562 info run protobufjs@7.6.5 postinstall node_modules/protobufjs node scripts/postinstall
2563 info run protobufjs@7.2.4 postinstall node_modules/google-gax/node_modules/protobufjs node scripts/postinstall
2564 info run protobufjs@7.2.4 postinstall { code: 0, signal: null }
2565 info run protobufjs@7.6.5 postinstall { code: 0, signal: null }
2566 silly ADD node_modules/@img/colour
2567 silly ADD node_modules/@protobufjs/inquire
2568 silly ADD node_modules/@types/mime
2569 silly ADD node_modules/ansi-regex
2570 silly ADD node_modules/is-fullwidth-code-point
2571 silly ADD node_modules/wrap-ansi
2572 silly ADD node_modules/strip-ansi
2573 silly ADD node_modules/yargs-parser
2574 silly ADD node_modules/y18n
2575 silly ADD node_modules/string-width
2576 silly ADD node_modules/string-width/node_modules/emoji-regex
2577 silly ADD node_modules/require-directory
2578 silly ADD node_modules/get-caller-file
2579 silly ADD node_modules/cliui
2580 silly ADD node_modules/webidl-conversions
2581 silly ADD node_modules/tr46
2582 silly ADD node_modules/websocket-extensions
2583 silly ADD node_modules/http-parser-js
2584 silly ADD node_modules/media-typer
2585 silly ADD node_modules/stubs
2586 silly ADD node_modules/@tootallnate/once
2587 silly ADD node_modules/stream-events
2588 silly ADD node_modules/http-proxy-agent
2589 silly ADD node_modules/util-deprecate
2590 silly ADD node_modules/string_decoder
2591 silly ADD node_modules/ipaddr.js
2592 silly ADD node_modules/forwarded
2593 silly ADD node_modules/uc.micro
2594 silly ADD node_modules/punycode.js
2595 silly ADD node_modules/mdurl
2596 silly ADD node_modules/linkify-it
2597 silly ADD node_modules/entities
2598 silly ADD node_modules/xmlcreate
2599 silly ADD node_modules/@types/mdurl
2600 silly ADD node_modules/@types/linkify-it
2601 silly ADD node_modules/lodash
2602 silly ADD node_modules/underscore
2603 silly ADD node_modules/requizzle
2604 silly ADD node_modules/mkdirp
2605 silly ADD node_modules/marked
2606 silly ADD node_modules/markdown-it-anchor
2607 silly ADD node_modules/markdown-it
2608 silly ADD node_modules/klaw
2609 silly ADD node_modules/js2xmlparser
2610 silly ADD node_modules/catharsis
2611 silly ADD node_modules/bluebird
2612 silly ADD node_modules/@types/markdown-it
2613 silly ADD node_modules/@jsdoc/salty
2614 silly ADD node_modules/inflight
2615 silly ADD node_modules/fs.realpath
2616 silly ADD node_modules/source-map
2617 silly ADD node_modules/esprima
2618 silly ADD node_modules/uglify-js
2619 silly ADD node_modules/tmp
2620 silly ADD node_modules/jsdoc
2621 silly ADD node_modules/jsdoc/node_modules/escape-string-regexp
2622 silly ADD node_modules/glob
2623 silly ADD node_modules/glob/node_modules/brace-expansion
2624 silly ADD node_modules/glob/node_modules/minimatch
2625 silly ADD node_modules/escodegen
2626 silly ADD node_modules/escodegen/node_modules/type-check
2627 silly ADD node_modules/escodegen/node_modules/prelude-ls
2628 silly ADD node_modules/escodegen/node_modules/levn
2629 silly ADD node_modules/escodegen/node_modules/optionator
2630 silly ADD node_modules/escodegen/node_modules/estraverse
2631 silly ADD node_modules/@protobufjs/utf8
2632 silly ADD node_modules/@protobufjs/pool
2633 silly ADD node_modules/@protobufjs/path
2634 silly ADD node_modules/@protobufjs/float
2635 silly ADD node_modules/@protobufjs/fetch
2636 silly ADD node_modules/@protobufjs/eventemitter
2637 silly ADD node_modules/@protobufjs/codegen
2638 silly ADD node_modules/@protobufjs/base64
2639 silly ADD node_modules/@protobufjs/aspromise
2640 silly ADD node_modules/wrappy
2641 silly ADD node_modules/ee-first
2642 silly ADD node_modules/whatwg-url
2643 silly ADD node_modules/lodash.clonedeep
2644 silly ADD node_modules/buffer-equal-constant-time
2645 silly ADD node_modules/jwa
2646 silly ADD node_modules/@types/ms
2647 silly ADD node_modules/lru-memoizer
2648 silly ADD node_modules/lru-memoizer/node_modules/yallist
2649 silly ADD node_modules/lru-memoizer/node_modules/lru-cache
2650 silly ADD node_modules/limiter
2651 silly ADD node_modules/jose
2652 silly ADD node_modules/@types/jsonwebtoken
2653 silly ADD node_modules/lodash.once
2654 silly ADD node_modules/lodash.isstring
2655 silly ADD node_modules/lodash.isplainobject
2656 silly ADD node_modules/lodash.isnumber
2657 silly ADD node_modules/lodash.isinteger
2658 silly ADD node_modules/lodash.isboolean
2659 silly ADD node_modules/lodash.includes
2660 silly ADD node_modules/bignumber.js
2661 silly ADD node_modules/safer-buffer
2662 silly ADD node_modules/agent-base
2663 silly ADD node_modules/toidentifier
2664 silly ADD node_modules/google-p12-pem
2665 silly ADD node_modules/@types/minimatch
2666 silly ADD node_modules/@types/glob
2667 silly ADD node_modules/yargs
2668 silly ADD node_modules/long
2669 silly ADD node_modules/lodash.camelcase
2670 silly ADD node_modules/protobufjs-cli
2671 silly ADD node_modules/protobufjs-cli/node_modules/eslint-visitor-keys
2672 silly ADD node_modules/protobufjs-cli/node_modules/semver
2673 silly ADD node_modules/protobufjs-cli/node_modules/espree
2674 silly ADD node_modules/proto3-json-serializer
2675 silly ADD node_modules/object-hash
2676 silly ADD node_modules/is-stream-ended
2677 silly ADD node_modules/@types/rimraf
2678 silly ADD node_modules/@types/long
2679 silly ADD node_modules/@grpc/proto-loader
2680 silly ADD node_modules/@grpc/grpc-js
2681 silly ADD node_modules/json-bigint
2682 silly ADD node_modules/jws
2683 silly ADD node_modules/gtoken
2684 silly ADD node_modules/gcp-metadata
2685 silly ADD node_modules/fast-text-encoding
2686 silly ADD node_modules/ecdsa-sig-formatter
2687 silly ADD node_modules/base64-js
2688 silly ADD node_modules/node-fetch
2689 silly ADD node_modules/is-stream
2690 silly ADD node_modules/https-proxy-agent
2691 silly ADD node_modules/unpipe
2692 silly ADD node_modules/raw-body
2693 silly ADD node_modules/iconv-lite
2694 silly ADD node_modules/destroy
2695 silly ADD node_modules/bytes
2696 silly ADD node_modules/negotiator
2697 silly ADD node_modules/utils-merge
2698 silly ADD node_modules/type-is
2699 silly ADD node_modules/statuses
2700 silly ADD node_modules/setprototypeof
2701 silly ADD node_modules/serve-static
2702 silly ADD node_modules/send
2703 silly ADD node_modules/send/node_modules/mime
2704 silly ADD node_modules/send/node_modules/debug
2705 silly ADD node_modules/send/node_modules/debug/node_modules/ms
2706 silly ADD node_modules/safe-buffer
2707 silly ADD node_modules/range-parser
2708 silly ADD node_modules/qs
2709 silly ADD node_modules/proxy-addr
2710 silly ADD node_modules/path-to-regexp
2711 silly ADD node_modules/parseurl
2712 silly ADD node_modules/on-finished
2713 silly ADD node_modules/methods
2714 silly ADD node_modules/merge-descriptors
2715 silly ADD node_modules/http-errors
2716 silly ADD node_modules/fresh
2717 silly ADD node_modules/finalhandler
2718 silly ADD node_modules/finalhandler/node_modules/ms
2719 silly ADD node_modules/finalhandler/node_modules/debug
2720 silly ADD node_modules/etag
2721 silly ADD node_modules/escape-html
2722 silly ADD node_modules/encodeurl
2723 silly ADD node_modules/depd
2724 silly ADD node_modules/cookie-signature
2725 silly ADD node_modules/content-type
2726 silly ADD node_modules/content-disposition
2727 silly ADD node_modules/body-parser
2728 silly ADD node_modules/body-parser/node_modules/ms
2729 silly ADD node_modules/body-parser/node_modules/debug
2730 silly ADD node_modules/array-flatten
2731 silly ADD node_modules/accepts
2732 silly ADD node_modules/vary
2733 silly ADD node_modules/@types/http-errors
2734 silly ADD node_modules/@types/send
2735 silly ADD node_modules/@types/range-parser
2736 silly ADD node_modules/@types/connect
2737 silly ADD node_modules/@types/serve-static
2738 silly ADD node_modules/@types/serve-static/node_modules/@types/send
2739 silly ADD node_modules/@types/qs
2740 silly ADD node_modules/@types/express-serve-static-core
2741 silly ADD node_modules/@types/body-parser
2742 silly ADD node_modules/express
2743 silly ADD node_modules/express/node_modules/ms
2744 silly ADD node_modules/express/node_modules/debug
2745 silly ADD node_modules/express/node_modules/cookie
2746 silly ADD node_modules/cors
2747 silly ADD node_modules/@types/express
2748 silly ADD node_modules/@types/cors
2749 silly ADD node_modules/@hapi/hoek
2750 silly ADD node_modules/@hapi/boom
2751 silly ADD node_modules/cookie
2752 silly ADD node_modules/@hapi/accept
2753 silly ADD node_modules/websocket-driver
2754 silly ADD node_modules/strnum
2755 silly ADD node_modules/once
2756 silly ADD node_modules/stream-shift
2757 silly ADD node_modules/readable-stream
2758 silly ADD node_modules/inherits
2759 silly ADD node_modules/end-of-stream
2760 silly ADD node_modules/mime-db
2761 silly ADD node_modules/retry
2762 silly ADD node_modules/event-target-shim
2763 silly ADD node_modules/arrify
2764 silly ADD node_modules/teeny-request
2765 silly ADD node_modules/retry-request
2766 silly ADD node_modules/mime-types
2767 silly ADD node_modules/mime-types/node_modules/mime-db
2768 silly ADD node_modules/mime
2769 silly ADD node_modules/google-auth-library
2770 silly ADD node_modules/google-auth-library/node_modules/yallist
2771 silly ADD node_modules/google-auth-library/node_modules/lru-cache
2772 silly ADD node_modules/gaxios
2773 silly ADD node_modules/fast-xml-parser
2774 silly ADD node_modules/extend
2775 silly ADD node_modules/ent
2776 silly ADD node_modules/ent/node_modules/punycode
2777 silly ADD node_modules/duplexify
2778 silly ADD node_modules/compressible
2779 silly ADD node_modules/async-retry
2780 silly ADD node_modules/abort-controller
2781 silly ADD node_modules/@google-cloud/promisify
2782 silly ADD node_modules/@google-cloud/projectify
2783 silly ADD node_modules/@google-cloud/paginator
2784 silly ADD node_modules/protobufjs
2785 silly ADD node_modules/google-gax
2786 silly ADD node_modules/google-gax/node_modules/protobufjs
2787 silly ADD node_modules/functional-red-black-tree
2788 silly ADD node_modules/@firebase/app-types
2789 silly ADD node_modules/faye-websocket
2790 silly ADD node_modules/@firebase/auth-interop-types
2791 silly ADD node_modules/@firebase/util
2792 silly ADD node_modules/@firebase/logger
2793 silly ADD node_modules/@firebase/database
2794 silly ADD node_modules/@firebase/component
2795 silly ADD node_modules/text-decoding
2796 silly ADD node_modules/uuid
2797 silly ADD node_modules/node-forge
2798 silly ADD node_modules/jwks-rsa
2799 silly ADD node_modules/jsonwebtoken
2800 silly ADD node_modules/jsonwebtoken/node_modules/semver
2801 silly ADD node_modules/@google-cloud/storage
2802 silly ADD node_modules/@google-cloud/storage/node_modules/uuid
2803 silly ADD node_modules/@google-cloud/firestore
2804 silly ADD node_modules/@firebase/database-types
2805 silly ADD node_modules/@firebase/database-compat
2806 silly ADD node_modules/@fastify/busboy
2807 silly ADD node_modules/firebase-functions
2808 silly ADD node_modules/firebase-frameworks
2809 silly ADD node_modules/firebase-frameworks/node_modules/lru-cache
2810 silly ADD node_modules/firebase-admin
2811 silly ADD node_modules/yocto-queue
2812 silly ADD node_modules/word-wrap
2813 silly ADD node_modules/undici-types
2814 silly ADD node_modules/tslib
2815 silly ADD node_modules/supports-color
2816 silly ADD node_modules/styled-jsx
2817 silly ADD node_modules/strip-json-comments
2818 silly ADD node_modules/source-map-js
2819 silly ADD node_modules/side-channel-weakmap
2820 silly ADD node_modules/side-channel-map
2821 silly ADD node_modules/side-channel-list
2822 silly ADD node_modules/side-channel
2823 silly ADD node_modules/server-only
2824 silly ADD node_modules/scheduler
2825 silly ADD node_modules/safe-regex-test
2826 silly ADD node_modules/robot3
2827 silly ADD node_modules/react-dom
2828 silly ADD node_modules/react
2829 silly ADD node_modules/promise-polyfill
2830 silly ADD node_modules/picocolors
2831 silly ADD node_modules/p-limit
2832 silly ADD node_modules/object-inspect
2833 silly ADD node_modules/object-assign
2834 silly ADD node_modules/next
2835 silly ADD node_modules/next/node_modules/semver
2836 silly ADD node_modules/next/node_modules/@img/sharp-libvips-darwin-arm64
2837 silly ADD node_modules/next/node_modules/@img/sharp-darwin-arm64
2838 silly ADD node_modules/next/node_modules/sharp
2839 silly ADD node_modules/next/node_modules/postcss
2840 silly ADD node_modules/nanoid
2841 silly ADD node_modules/ms
2842 silly ADD node_modules/minimist
2843 silly ADD node_modules/math-intrinsics
2844 silly ADD node_modules/lucide-react
2845 silly ADD node_modules/is-regex
2846 silly ADD node_modules/hi-base32
2847 silly ADD node_modules/hasown
2848 silly ADD node_modules/has-tostringtag
2849 silly ADD node_modules/has-symbols
2850 silly ADD node_modules/has-flag
2851 silly ADD node_modules/graceful-fs
2852 silly ADD node_modules/gopd
2853 silly ADD node_modules/get-proto
2854 silly ADD node_modules/get-intrinsic
2855 silly ADD node_modules/function-bind
2856 silly ADD node_modules/fast-levenshtein
2857 silly ADD node_modules/fast-deep-equal
2858 silly ADD node_modules/eventsource-parser
2859 silly ADD node_modules/esutils
2860 silly ADD node_modules/estraverse
2861 silly ADD node_modules/escalade
2862 silly ADD node_modules/es-object-atoms
2863 silly ADD node_modules/es-errors
2864 silly ADD node_modules/es-define-property
2865 silly ADD node_modules/dunder-proto
2866 silly ADD node_modules/detect-libc
2867 silly ADD node_modules/deep-is
2868 silly ADD node_modules/debug
2869 silly ADD node_modules/color-name
2870 silly ADD node_modules/color-convert
2871 silly ADD node_modules/client-only
2872 silly ADD node_modules/chalk
2873 silly ADD node_modules/caniuse-lite
2874 silly ADD node_modules/call-bound
2875 silly ADD node_modules/call-bind-apply-helpers
2876 silly ADD node_modules/baseline-browser-mapping
2877 silly ADD node_modules/balanced-match
2878 silly ADD node_modules/argparse
2879 silly ADD node_modules/ansi-styles
2880 silly ADD node_modules/acorn-jsx
2881 silly ADD node_modules/acorn
2882 silly ADD node_modules/@types/node
2883 silly ADD node_modules/@swc/helpers
2884 silly ADD node_modules/@paypal/sdk-constants
2885 silly ADD node_modules/@paypal/react-paypal-js
2886 silly ADD node_modules/@paypal/paypal-js
2887 silly ADD node_modules/@next/swc-darwin-arm64
2888 silly ADD node_modules/@next/env
2889 silly ADD node_modules/@msgpack/msgpack
2890 silly ADD node_modules/@fal-ai/client
2891 silly ADD node_modules/@babel/types
2892 silly ADD node_modules/@babel/parser
2893 silly ADD node_modules/@babel/helper-validator-identifier
2894 silly ADD node_modules/@babel/helper-string-parser
2895 verbose cwd /Users/rua/proshot/.firebase/dopamin-66/functions
2896 verbose os Darwin 25.3.0
2897 verbose node v24.15.0
2898 verbose npm  v11.12.1
2899 verbose exit 0
2900 info ok
